Workbook

Sheet League Draft Order
A2: Owner | B2: Team Pick From | C2: Pick | D2: Needs | E2: CBS ADP | F2: Projected Pick
A3: Barry Sanders | B3: Barry Sanders | C3: 1.1 | D3: RB/QB | F3: Jeremiyah Love
A4: Natural Born Spillers | B4: Natural Born Spillers | C4: 1.2 | D4: WR | F4: Carnell Tate
A5: Flexorcist | B5: Run Jalen Run | C5: 1.3 | D5: RB/WR | F5: Makai Lemon
A6: Hitmen | B6: Hitmen | C6: 1.4 | D6: WR | F6: Jordan Tyson
A7: Furies | B7: Hot Tub | C7: 1.5 | F7: Jordyn Tyson/Kenyon Sadiq
A8: Furies | B8: House Pain | C8: 1.6 | F8: Kenyon Sadiq/Jadarian Price/Jonah Coleman
A9: Flexorcist | B9: Flexorcist | C9: 1.7 | D9: RB/WR | F9: Jadarian Price
A10: V-Rilla | B10: V-Rilla | C10: 1.8 | D10: WR/BPA | F10: Omar Cooper
A11: Flexorcist | B11: Hurts So Good | C11: 1.9 | D11: RB/WR | F11: Denzel Boston
A12: Hurts So Good | B12: Prestige | C12: 1.1 | D12: TE/Flex | F12: Eli Stowers
A13: Flexorcist | B13: Flint Tropic | C13: 1.11 | D13: RB/WR | F13: Mike Washington
A14: Furies | B14: Furies | C14: 1.12 | F14: Eli Stowers/Jonah Coleman/Nick Singleton?/Denzel Boston/K.C. Concepcion/Antonio Williams/
A15: Barry Sanders | B15: Barry Sanders | C15: 2.1 | D15: RB/QB | F15: K.C. Concepcion
A16: Barry Sanders | B16: Natural Born Spillers | C16: 2.2 | D16: RB/QB | F16: Fernando Mendoza
A17: Barry Sanders | B17: Run Jalen Run | C17: 2.3 | D17: RB/QB | F17: Jonah Coleman
A18: Hitmen | B18: Hitmen | C18: 2.4 | D18: Flex | F18: Emmett Johnson
A19: Hot Tub | B19: Hot Tub | C19: 2.5 | D19: RB/BPA | F19: Nick Singleton
A20: Hurts So Good | B20: House Pain | C20: 2.6 | D20: TE/Flex | F20: Ty Simpson
A21: Flexorcist | B21: Flexorcist | C21: 2.7 | D21: RB/WR | F21: Chris Bell
A22: Hot Tub | B22: V-Rilla | C22: 2.8 | D22: RB/BPA | F22: Chris Brazzell II
A23: Barry Sanders | B23: Hurts So Good | C23: 2.9 | D23: RB/QB | F23: Germie Bernard*
A24: Barry Sanders | B24: Prestige | C24: 2.1 | D24: RB/QB | F24: Elijah Sarratt
A25: Hurts So Good | B25: Flint Tropic | C25: 2.11 | D25: TE/Flex | F25: Zachariah Branch
A26: Furies | B26: Furies | C26: 2.12 | F26: Leveon Moss***/Kaytron Allen***/Demond Clairborne/Kaelen Black (SF)/Eli Heidenreich***/Chris Bell**/Caleb Douglas (Sleeper!!)
A27: Barry Sanders | B27: Barry Sanders | C27: 3.1 | D27: RB/QB | F27: Malachi Fields
A28: Natural Born Spillers | B28: Natural Born Spillers | C28: 3.2 | D28: BPA | F28: Kaytron Allen
A29: V-Rilla | B29: Run Jalen Run | C29: 3.3 | D29: WR/BPA | F29: Skyler Bell
A30: Hitmen | B30: Hitmen | C30: 3.4 | D30: Flex | F30: Demond Claiborne
A31: V-Rilla | B31: Hot Tub | C31: 3.5 | D31: WR/BPA | F31: Bryce Lance
A32: Hurts So Good | B32: House Pain | C32: 3.6 | D32: TE/Flex | F32: Ted Hurst
A33: Flexorcist | B33: Flexorcist | C33: 3.7 | D33: RB/WR | F33: Deion Burks
A34: V-Rilla | B34: V-Rilla | C34: 3.8 | D34: WR/BPA | F34: Max Klare
A35: Furies | B35: Hurts So Good | C35: 3.9 | F35: Eli Raridon (NE)***/Caleb Douglas (Sleeper***)/Bryce Lance (N.O.)***/Cyrus Allen?
A36: Hitmen | B36: Prestige | C36: 3.1 | D36: Flex | F36: Seth McGowan
A37: Furies | B37: Flint Tropic | C37: 3.11 | F37: Draft A Bum
A38: Furies | B38: Furies | C38: 3.12 | F38: Draft A Bum

Sheet QB Model Page
B1: Quarterbacks | C1: Ht. Inches | D1: Weight | E1: 40 Yard Dash | F1: Ht. Adj. Speed | G1: Rush Yds Per Game | H1: Rush TDs Game | I1: ANY/A | J1: Yards/ DB | K1: EPA/ DB | L1: Passing TD% | M1: Passing Int% | N1: BTT Rate% | O1: TWP Rate% | P1: Adj. Accuracy% | Q1: PFF Pass Grade | R1: Avg Time To Throw | S1: Sack% | T1: S.O.S | U1: Upside Score | V1: Safety Score | W1: Draft Age | X1: Draft Position | Y1: Team | Z1: Landing Bonus | AA1: Final Ranking | AB1: Tier | AC1: Team | AD1: Landing Bonus
B2: Fernando Mendoza (Indiana) | C2: 77 | D2: 225 | E2: 4.78 | F2: =ROUND((D2*200)/(E2^4)*(C2/75),2) -> 88.5 | G2: 26.33 | H2: 0.33 | I2: 8.53 | J2: 7.26 | K2: 0.459 | L2: 7.38 | M2: 1.55 | N2: 4.27 | O2: 3.059 | P2: 77.216 | Q2: 83.042 | R2: 2.629 | S2: 7.232 | T2: 1 | U2: =ROUND(MIN(20,MAX(0,K2/0.45*20))+MIN(15,MAX(0,(I2-5)/7*15))+MIN(15,MAX(0,N2/6*15))+MIN(15,MAX(0,G2/80*15))+MIN(15,MAX(0,F2/120*15))+MIN(10,MAX(0,(J2-6)/5*10))+MIN(10,MAX(0,Q2/90*10)),1) -> 66 | V2: =ROUND(MIN(25,MAX(0,L2/10*25))+MIN(25,MAX(0,(1-M2/5)*25))+MIN(20,MAX(0,P2/78*20))+MIN(15,MAX(0,(J2-6)/5*15))+MIN(10,MAX(0,(MAX(0,2.5-O2)/2.5)*10))+IF(ISNUMBER(X2),MAX(0,5-((INT(X2)-1)*32+ROUND(MOD(X2,1)*100,0))*0.02),IF(LOWER(X2)="UDFA",0.5,3)),1) -> 64.3 | W2: 22 | X2: 1.01 | Y2: LV | Z2: =MAX(0,IFERROR(VLOOKUP(Y2,$AC$2:$AD$34,2,FALSE()),0)) -> 0.5 | AA2: =IF(AND(LOWER(X2)="udfa",OR(Y2="N/A",Y2="")),-999,INT(MIN(96.9,(IF((IF(ISNUMBER(X2),12*EXP(-0.0179*((INT(X2)-1)*32+ROUND(MOD(X2,1)*100,0)-1)),IF(LOWER(X2)="UDFA",0.3,0))+IF(C2>=76,8,IF(C2>=74,6,IF(C2>=73,3,IF(C2>=72,0,IF(C2>=71,-4,-8)))))+(MIN(25.5,MAX(0,K2/0.45*25.5))+MIN(17,MAX(0,I2/9.5*17))+MIN(12,MAX(0,N2/6*12))+MIN(11.5,MIN(10,MAX(0,G2/70*10))+MIN(3.75,MAX(0,H2/0.8*3.75)))+MIN(10.25,MAX(0,J2/8*10.25))+MIN(7.5,MAX(0,L2/7*7.5))+MIN(7.5,MAX(0,Q2/90*7.5))+MIN(6.25,MAX(0,P2/78*6.25))-MIN(8,MAX(0,(MAX(0,O2-2)/2)*8))-MIN(8,MAX(0,IF(M2<=1.5,0,IF(M2<=2.5,(M2-1.5)*4,4+(M2-2.5)*8))))-MIN(5,MAX(0,(MAX(0,S2-5)/3)*5))-MIN(3,MAX(0,(MAX(0,R2-2.9)/0.5)*3)))*T2-MAX(0,(W2-22)*3.5))>60,60+SQRT((IF(ISNUMBER(X2),12*EXP(-0.0179*((INT(X2)-1)*32+ROUND(MOD(X2,1)*100,0)-1)),IF(LOWER(X2)="UDFA",0.3,0))+IF(C2>=76,8,IF(C2>=74,6,IF(C2>=73,3,IF(C2>=72,0,IF(C2>=71,-4,-8)))))+(MIN(25.5,MAX(0,K2/0.45*25.5))+MIN(17,MAX(0,I2/9.5*17))+MIN(12,MAX(0,N2/6*12))+MIN(11.5,MIN(10,MAX(0,G2/70*10))+MIN(3.75,MAX(0,H2/0.8*3.75)))+MIN(10.25,MAX(0,J2/8*10.25))+MIN(7.5,MAX(0,L2/7*7.5))+MIN(7.5,MAX(0,Q2/90*7.5))+MIN(6.25,MAX(0,P2/78*6.25))-MIN(8,MAX(0,(MAX(0,O2-2)/2)*8))-MIN(8,MAX(0,IF(M2<=1.5,0,IF(M2<=2.5,(M2-1.5)*4,4+(M2-2.5)*8))))-MIN(5,MAX(0,(MAX(0,S2-5)/3)*5))-MIN(3,MAX(0,(MAX(0,R2-2.9)/0.5)*3)))*T2-MAX(0,(W2-22)*3.5))-60)*5,(IF(ISNUMBER(X2),12*EXP(-0.0179*((INT(X2)-1)*32+ROUND(MOD(X2,1)*100,0)-1)),IF(LOWER(X2)="UDFA",0.3,0))+IF(C2>=76,8,IF(C2>=74,6,IF(C2>=73,3,IF(C2>=72,0,IF(C2>=71,-4,-8)))))+(MIN(25.5,MAX(0,K2/0.45*25.5))+MIN(17,MAX(0,I2/9.5*17))+MIN(12,MAX(0,N2/6*12))+MIN(11.5,MIN(10,MAX(0,G2/70*10))+MIN(3.75,MAX(0,H2/0.8*3.75)))+MIN(10.25,MAX(0,J2/8*10.25))+MIN(7.5,MAX(0,L2/7*7.5))+MIN(7.5,MAX(0,Q2/90*7.5))+MIN(6.25,MAX(0,P2/78*6.25))-MIN(8,MAX(0,(MAX(0,O2-2)/2)*8))-MIN(8,MAX(0,IF(M2<=1.5,0,IF(M2<=2.5,(M2-1.5)*4,4+(M2-2.5)*8))))-MIN(5,MAX(0,(MAX(0,S2-5)/3)*5))-MIN(3,MAX(0,(MAX(0,R2-2.9)/0.5)*3)))*T2-MAX(0,(W2-22)*3.5))))*0.98)+Z2)) -> 88 | AB2: =IF(AA2=-999,"",IF(AA2>=92,"Franchise QB",IF(AA2>=88,"High-end Starter",IF(AA2>=84,"Developmental Starter",IF(AA2>=71,"Backup / Camp QB",IF(AA2>=58,"Deep Stash","Cut")))))) -> High-end Starter | AC2: ARI | AD2: 1.46
B3: Ty Simpson (Alabama) | C3: 73 | D3: 211 | E3: 4.68 | F3: =ROUND((D3*200)/(E3^4)*(C3/75),2) -> 85.62 | G3: 16.33 | H3: 0.14 | I3: 7.67 | J3: 6.56 | K3: 0.33 | L3: 5.61 | M3: 1 | N3: 5.891 | O3: 2.857 | P3: 75.125 | Q3: 80.73 | R3: 2.938 | S3: 5.414 | T3: 1 | U3: =ROUND(MIN(20,MAX(0,K3/0.45*20))+MIN(15,MAX(0,(I3-5)/7*15))+MIN(15,MAX(0,N3/6*15))+MIN(15,MAX(0,G3/80*15))+MIN(15,MAX(0,F3/120*15))+MIN(10,MAX(0,(J3-6)/5*10))+MIN(10,MAX(0,Q3/90*10)),1) -> 59 | V3: =ROUND(MIN(25,MAX(0,L3/10*25))+MIN(25,MAX(0,(1-M3/5)*25))+MIN(20,MAX(0,P3/78*20))+MIN(15,MAX(0,(J3-6)/5*15))+MIN(10,MAX(0,(MAX(0,2.5-O3)/2.5)*10))+IF(ISNUMBER(X3),MAX(0,5-((INT(X3)-1)*32+ROUND(MOD(X3,1)*100,0))*0.02),IF(LOWER(X3)="UDFA",0.5,3)),1) -> 59.7 | W3: 22 | X3: 1.13 | Y3: LAR | Z3: =MAX(0,IFERROR(VLOOKUP(Y3,$AC$2:$AD$34,2,FALSE()),0)) -> 2.55 | AA3: =IF(AND(LOWER(X3)="udfa",OR(Y3="N/A",Y3="")),-999,INT(MIN(96.9,(IF((IF(ISNUMBER(X3),12*EXP(-0.0179*((INT(X3)-1)*32+ROUND(MOD(X3,1)*100,0)-1)),IF(LOWER(X3)="UDFA",0.3,0))+IF(C3>=76,8,IF(C3>=74,6,IF(C3>=73,3,IF(C3>=72,0,IF(C3>=71,-4,-8)))))+(MIN(25.5,MAX(0,K3/0.45*25.5))+MIN(17,MAX(0,I3/9.5*17))+MIN(12,MAX(0,N3/6*12))+MIN(11.5,MIN(10,MAX(0,G3/70*10))+MIN(3.75,MAX(0,H3/0.8*3.75)))+MIN(10.25,MAX(0,J3/8*10.25))+MIN(7.5,MAX(0,L3/7*7.5))+MIN(7.5,MAX(0,Q3/90*7.5))+MIN(6.25,MAX(0,P3/78*6.25))-MIN(8,MAX(0,(MAX(0,O3-2)/2)*8))-MIN(8,MAX(0,IF(M3<=1.5,0,IF(M3<=2.5,(M3-1.5)*4,4+(M3-2.5)*8))))-MIN(5,MAX(0,(MAX(0,S3-5)/3)*5))-MIN(3,MAX(0,(MAX(0,R3-2.9)/0.5)*3)))*T3-MAX(0,(W3-22)*3.5))>60,60+SQRT((IF(ISNUMBER(X3),12*EXP(-0.0179*((INT(X3)-1)*32+ROUND(MOD(X3,1)*100,0)-1)),IF(LOWER(X3)="UDFA",0.3,0))+IF(C3>=76,8,IF(C3>=74,6,IF(C3>=73,3,IF(C3>=72,0,IF(C3>=71,-4,-8)))))+(MIN(25.5,MAX(0,K3/0.45*25.5))+MIN(17,MAX(0,I3/9.5*17))+MIN(12,MAX(0,N3/6*12))+MIN(11.5,MIN(10,MAX(0,G3/70*10))+MIN(3.75,MAX(0,H3/0.8*3.75)))+MIN(10.25,MAX(0,J3/8*10.25))+MIN(7.5,MAX(0,L3/7*7.5))+MIN(7.5,MAX(0,Q3/90*7.5))+MIN(6.25,MAX(0,P3/78*6.25))-MIN(8,MAX(0,(MAX(0,O3-2)/2)*8))-MIN(8,MAX(0,IF(M3<=1.5,0,IF(M3<=2.5,(M3-1.5)*4,4+(M3-2.5)*8))))-MIN(5,MAX(0,(MAX(0,S3-5)/3)*5))-MIN(3,MAX(0,(MAX(0,R3-2.9)/0.5)*3)))*T3-MAX(0,(W3-22)*3.5))-60)*5,(IF(ISNUMBER(X3),12*EXP(-0.0179*((INT(X3)-1)*32+ROUND(MOD(X3,1)*100,0)-1)),IF(LOWER(X3)="UDFA",0.3,0))+IF(C3>=76,8,IF(C3>=74,6,IF(C3>=73,3,IF(C3>=72,0,IF(C3>=71,-4,-8)))))+(MIN(25.5,MAX(0,K3/0.45*25.5))+MIN(17,MAX(0,I3/9.5*17))+MIN(12,MAX(0,N3/6*12))+MIN(11.5,MIN(10,MAX(0,G3/70*10))+MIN(3.75,MAX(0,H3/0.8*3.75)))+MIN(10.25,MAX(0,J3/8*10.25))+MIN(7.5,MAX(0,L3/7*7.5))+MIN(7.5,MAX(0,Q3/90*7.5))+MIN(6.25,MAX(0,P3/78*6.25))-MIN(8,MAX(0,(MAX(0,O3-2)/2)*8))-MIN(8,MAX(0,IF(M3<=1.5,0,IF(M3<=2.5,(M3-1.5)*4,4+(M3-2.5)*8))))-MIN(5,MAX(0,(MAX(0,S3-5)/3)*5))-MIN(3,MAX(0,(MAX(0,R3-2.9)/0.5)*3)))*T3-MAX(0,(W3-22)*3.5))))*0.98)+Z3)) -> 84 | AB3: =IF(AA3=-999,"",IF(AA3>=92,"Franchise QB",IF(AA3>=88,"High-end Starter",IF(AA3>=84,"Developmental Starter",IF(AA3>=71,"Backup / Camp QB",IF(AA3>=58,"Deep Stash","Cut")))))) -> Developmental Starter | AC3: ATL | AD3: 1.02
B4: Haynes King (Georgia Tech) | C4: 74 | D4: 212 | E4: 4.46 | F4: =ROUND((D4*200)/(E4^4)*(C4/75),2) -> 105.73 | G4: 69.57 | H4: 1.13 | I4: 8.01 | J4: 7.43 | K4: 0.354 | L4: 4.4 | M4: 1.26 | N4: 3.496 | O4: 1 | P4: 80.4 | Q4: 80.942 | R4: 2.57 | S4: 2.626 | T4: 1 | U4: =ROUND(MIN(20,MAX(0,K4/0.45*20))+MIN(15,MAX(0,(I4-5)/7*15))+MIN(15,MAX(0,N4/6*15))+MIN(15,MAX(0,G4/80*15))+MIN(15,MAX(0,F4/120*15))+MIN(10,MAX(0,(J4-6)/5*10))+MIN(10,MAX(0,Q4/90*10)),1) -> 69 | V4: =ROUND(MIN(25,MAX(0,L4/10*25))+MIN(25,MAX(0,(1-M4/5)*25))+MIN(20,MAX(0,P4/78*20))+MIN(15,MAX(0,(J4-6)/5*15))+MIN(10,MAX(0,(MAX(0,2.5-O4)/2.5)*10))+IF(ISNUMBER(X4),MAX(0,5-((INT(X4)-1)*32+ROUND(MOD(X4,1)*100,0))*0.02),IF(LOWER(X4)="UDFA",0.5,3)),1) -> 60.5 | W4: 25 | X4: UDFA | Y4: CAR | Z4: =MAX(0,IFERROR(VLOOKUP(Y4,$AC$2:$AD$34,2,FALSE()),0)) -> 1.14 | AA4: =IF(AND(LOWER(X4)="udfa",OR(Y4="N/A",Y4="")),-999,INT(MIN(96.9,(IF((IF(ISNUMBER(X4),12*EXP(-0.0179*((INT(X4)-1)*32+ROUND(MOD(X4,1)*100,0)-1)),IF(LOWER(X4)="UDFA",0.3,0))+IF(C4>=76,8,IF(C4>=74,6,IF(C4>=73,3,IF(C4>=72,0,IF(C4>=71,-4,-8)))))+(MIN(25.5,MAX(0,K4/0.45*25.5))+MIN(17,MAX(0,I4/9.5*17))+MIN(12,MAX(0,N4/6*12))+MIN(11.5,MIN(10,MAX(0,G4/70*10))+MIN(3.75,MAX(0,H4/0.8*3.75)))+MIN(10.25,MAX(0,J4/8*10.25))+MIN(7.5,MAX(0,L4/7*7.5))+MIN(7.5,MAX(0,Q4/90*7.5))+MIN(6.25,MAX(0,P4/78*6.25))-MIN(8,MAX(0,(MAX(0,O4-2)/2)*8))-MIN(8,MAX(0,IF(M4<=1.5,0,IF(M4<=2.5,(M4-1.5)*4,4+(M4-2.5)*8))))-MIN(5,MAX(0,(MAX(0,S4-5)/3)*5))-MIN(3,MAX(0,(MAX(0,R4-2.9)/0.5)*3)))*T4-MAX(0,(W4-22)*3.5))>60,60+SQRT((IF(ISNUMBER(X4),12*EXP(-0.0179*((INT(X4)-1)*32+ROUND(MOD(X4,1)*100,0)-1)),IF(LOWER(X4)="UDFA",0.3,0))+IF(C4>=76,8,IF(C4>=74,6,IF(C4>=73,3,IF(C4>=72,0,IF(C4>=71,-4,-8)))))+(MIN(25.5,MAX(0,K4/0.45*25.5))+MIN(17,MAX(0,I4/9.5*17))+MIN(12,MAX(0,N4/6*12))+MIN(11.5,MIN(10,MAX(0,G4/70*10))+MIN(3.75,MAX(0,H4/0.8*3.75)))+MIN(10.25,MAX(0,J4/8*10.25))+MIN(7.5,MAX(0,L4/7*7.5))+MIN(7.5,MAX(0,Q4/90*7.5))+MIN(6.25,MAX(0,P4/78*6.25))-MIN(8,MAX(0,(MAX(0,O4-2)/2)*8))-MIN(8,MAX(0,IF(M4<=1.5,0,IF(M4<=2.5,(M4-1.5)*4,4+(M4-2.5)*8))))-MIN(5,MAX(0,(MAX(0,S4-5)/3)*5))-MIN(3,MAX(0,(MAX(0,R4-2.9)/0.5)*3)))*T4-MAX(0,(W4-22)*3.5))-60)*5,(IF(ISNUMBER(X4),12*EXP(-0.0179*((INT(X4)-1)*32+ROUND(MOD(X4,1)*100,0)-1)),IF(LOWER(X4)="UDFA",0.3,0))+IF(C4>=76,8,IF(C4>=74,6,IF(C4>=73,3,IF(C4>=72,0,IF(C4>=71,-4,-8)))))+(MIN(25.5,MAX(0,K4/0.45*25.5))+MIN(17,MAX(0,I4/9.5*17))+MIN(12,MAX(0,N4/6*12))+MIN(11.5,MIN(10,MAX(0,G4/70*10))+MIN(3.75,MAX(0,H4/0.8*3.75)))+MIN(10.25,MAX(0,J4/8*10.25))+MIN(7.5,MAX(0,L4/7*7.5))+MIN(7.5,MAX(0,Q4/90*7.5))+MIN(6.25,MAX(0,P4/78*6.25))-MIN(8,MAX(0,(MAX(0,O4-2)/2)*8))-MIN(8,MAX(0,IF(M4<=1.5,0,IF(M4<=2.5,(M4-1.5)*4,4+(M4-2.5)*8))))-MIN(5,MAX(0,(MAX(0,S4-5)/3)*5))-MIN(3,MAX(0,(MAX(0,R4-2.9)/0.5)*3)))*T4-MAX(0,(W4-22)*3.5))))*0.98)+Z4)) -> 79 | AB4: =IF(AA4=-999,"",IF(AA4>=92,"Franchise QB",IF(AA4>=88,"High-end Starter",IF(AA4>=84,"Developmental Starter",IF(AA4>=71,"Backup / Camp QB",IF(AA4>=58,"Deep Stash","Cut")))))) -> Backup / Camp QB | AC4: BAL | AD4: 0.97
B5: Diego Pavia (Vanderbilt) | C5: 70 | D5: 207 | E5: 4.64 | F5: =ROUND((D5*200)/(E5^4)*(C5/75),2) -> 83.36 | G5: 72.35 | H5: 0.69 | I5: 8.76 | J5: 7.22 | K5: 0.517 | L5: 7.23 | M5: 1.77 | N5: 6.745 | O5: 1.976 | P5: 75.758 | Q5: 88.211 | R5: 2.918 | S5: 4.469 | T5: 1 | U5: =ROUND(MIN(20,MAX(0,K5/0.45*20))+MIN(15,MAX(0,(I5-5)/7*15))+MIN(15,MAX(0,N5/6*15))+MIN(15,MAX(0,G5/80*15))+MIN(15,MAX(0,F5/120*15))+MIN(10,MAX(0,(J5-6)/5*10))+MIN(10,MAX(0,Q5/90*10)),1) -> 79.3 | V5: =ROUND(MIN(25,MAX(0,L5/10*25))+MIN(25,MAX(0,(1-M5/5)*25))+MIN(20,MAX(0,P5/78*20))+MIN(15,MAX(0,(J5-6)/5*15))+MIN(10,MAX(0,(MAX(0,2.5-O5)/2.5)*10))+IF(ISNUMBER(X5),MAX(0,5-((INT(X5)-1)*32+ROUND(MOD(X5,1)*100,0))*0.02),IF(LOWER(X5)="UDFA",0.5,3)),1) -> 59.9 | W5: 25 | X5: UDFA | Y5: BAL | Z5: =MAX(0,IFERROR(VLOOKUP(Y5,$AC$2:$AD$34,2,FALSE()),0)) -> 0.97 | AA5: =IF(AND(LOWER(X5)="udfa",OR(Y5="N/A",Y5="")),-999,INT(MIN(96.9,(IF((IF(ISNUMBER(X5),12*EXP(-0.0179*((INT(X5)-1)*32+ROUND(MOD(X5,1)*100,0)-1)),IF(LOWER(X5)="UDFA",0.3,0))+IF(C5>=76,8,IF(C5>=74,6,IF(C5>=73,3,IF(C5>=72,0,IF(C5>=71,-4,-8)))))+(MIN(25.5,MAX(0,K5/0.45*25.5))+MIN(17,MAX(0,I5/9.5*17))+MIN(12,MAX(0,N5/6*12))+MIN(11.5,MIN(10,MAX(0,G5/70*10))+MIN(3.75,MAX(0,H5/0.8*3.75)))+MIN(10.25,MAX(0,J5/8*10.25))+MIN(7.5,MAX(0,L5/7*7.5))+MIN(7.5,MAX(0,Q5/90*7.5))+MIN(6.25,MAX(0,P5/78*6.25))-MIN(8,MAX(0,(MAX(0,O5-2)/2)*8))-MIN(8,MAX(0,IF(M5<=1.5,0,IF(M5<=2.5,(M5-1.5)*4,4+(M5-2.5)*8))))-MIN(5,MAX(0,(MAX(0,S5-5)/3)*5))-MIN(3,MAX(0,(MAX(0,R5-2.9)/0.5)*3)))*T5-MAX(0,(W5-22)*3.5))>60,60+SQRT((IF(ISNUMBER(X5),12*EXP(-0.0179*((INT(X5)-1)*32+ROUND(MOD(X5,1)*100,0)-1)),IF(LOWER(X5)="UDFA",0.3,0))+IF(C5>=76,8,IF(C5>=74,6,IF(C5>=73,3,IF(C5>=72,0,IF(C5>=71,-4,-8)))))+(MIN(25.5,MAX(0,K5/0.45*25.5))+MIN(17,MAX(0,I5/9.5*17))+MIN(12,MAX(0,N5/6*12))+MIN(11.5,MIN(10,MAX(0,G5/70*10))+MIN(3.75,MAX(0,H5/0.8*3.75)))+MIN(10.25,MAX(0,J5/8*10.25))+MIN(7.5,MAX(0,L5/7*7.5))+MIN(7.5,MAX(0,Q5/90*7.5))+MIN(6.25,MAX(0,P5/78*6.25))-MIN(8,MAX(0,(MAX(0,O5-2)/2)*8))-MIN(8,MAX(0,IF(M5<=1.5,0,IF(M5<=2.5,(M5-1.5)*4,4+(M5-2.5)*8))))-MIN(5,MAX(0,(MAX(0,S5-5)/3)*5))-MIN(3,MAX(0,(MAX(0,R5-2.9)/0.5)*3)))*T5-MAX(0,(W5-22)*3.5))-60)*5,(IF(ISNUMBER(X5),12*EXP(-0.0179*((INT(X5)-1)*32+ROUND(MOD(X5,1)*100,0)-1)),IF(LOWER(X5)="UDFA",0.3,0))+IF(C5>=76,8,IF(C5>=74,6,IF(C5>=73,3,IF(C5>=72,0,IF(C5>=71,-4,-8)))))+(MIN(25.5,MAX(0,K5/0.45*25.5))+MIN(17,MAX(0,I5/9.5*17))+MIN(12,MAX(0,N5/6*12))+MIN(11.5,MIN(10,MAX(0,G5/70*10))+MIN(3.75,MAX(0,H5/0.8*3.75)))+MIN(10.25,MAX(0,J5/8*10.25))+MIN(7.5,MAX(0,L5/7*7.5))+MIN(7.5,MAX(0,Q5/90*7.5))+MIN(6.25,MAX(0,P5/78*6.25))-MIN(8,MAX(0,(MAX(0,O5-2)/2)*8))-MIN(8,MAX(0,IF(M5<=1.5,0,IF(M5<=2.5,(M5-1.5)*4,4+(M5-2.5)*8))))-MIN(5,MAX(0,(MAX(0,S5-5)/3)*5))-MIN(3,MAX(0,(MAX(0,R5-2.9)/0.5)*3)))*T5-MAX(0,(W5-22)*3.5))))*0.98)+Z5)) -> 79 | AB5: =IF(AA5=-999,"",IF(AA5>=92,"Franchise QB",IF(AA5>=88,"High-end Starter",IF(AA5>=84,"Developmental Starter",IF(AA5>=71,"Backup / Camp QB",IF(AA5>=58,"Deep Stash","Cut")))))) -> Backup / Camp QB | AC5: BUF | AD5: 1.53
B6: Cade Klubnik (Clemson) | C6: 74 | D6: 207 | E6: 4.69 | F6: =ROUND((D6*200)/(E6^4)*(C6/75),2) -> 84.43 | G6: 31.19 | H6: 0.42 | I6: 7.64 | J6: 6.76 | K6: 0.234 | L6: 5.87 | M6: 1.35 | N6: 4.698 | O6: 2.256 | P6: 75.424 | Q6: 83.179 | R6: 2.671 | S6: 4.337 | T6: 1 | U6: =ROUND(MIN(20,MAX(0,K6/0.45*20))+MIN(15,MAX(0,(I6-5)/7*15))+MIN(15,MAX(0,N6/6*15))+MIN(15,MAX(0,G6/80*15))+MIN(15,MAX(0,F6/120*15))+MIN(10,MAX(0,(J6-6)/5*10))+MIN(10,MAX(0,Q6/90*10)),1) -> 55 | V6: =ROUND(MIN(25,MAX(0,L6/10*25))+MIN(25,MAX(0,(1-M6/5)*25))+MIN(20,MAX(0,P6/78*20))+MIN(15,MAX(0,(J6-6)/5*15))+MIN(10,MAX(0,(MAX(0,2.5-O6)/2.5)*10))+IF(ISNUMBER(X6),MAX(0,5-((INT(X6)-1)*32+ROUND(MOD(X6,1)*100,0))*0.02),IF(LOWER(X6)="UDFA",0.5,3)),1) -> 58.3 | W6: 23 | X6: 4.14 | Y6: NYJ | Z6: =MAX(0,IFERROR(VLOOKUP(Y6,$AC$2:$AD$34,2,FALSE()),0)) -> 0.43 | AA6: =IF(AND(LOWER(X6)="udfa",OR(Y6="N/A",Y6="")),-999,INT(MIN(96.9,(IF((IF(ISNUMBER(X6),12*EXP(-0.0179*((INT(X6)-1)*32+ROUND(MOD(X6,1)*100,0)-1)),IF(LOWER(X6)="UDFA",0.3,0))+IF(C6>=76,8,IF(C6>=74,6,IF(C6>=73,3,IF(C6>=72,0,IF(C6>=71,-4,-8)))))+(MIN(25.5,MAX(0,K6/0.45*25.5))+MIN(17,MAX(0,I6/9.5*17))+MIN(12,MAX(0,N6/6*12))+MIN(11.5,MIN(10,MAX(0,G6/70*10))+MIN(3.75,MAX(0,H6/0.8*3.75)))+MIN(10.25,MAX(0,J6/8*10.25))+MIN(7.5,MAX(0,L6/7*7.5))+MIN(7.5,MAX(0,Q6/90*7.5))+MIN(6.25,MAX(0,P6/78*6.25))-MIN(8,MAX(0,(MAX(0,O6-2)/2)*8))-MIN(8,MAX(0,IF(M6<=1.5,0,IF(M6<=2.5,(M6-1.5)*4,4+(M6-2.5)*8))))-MIN(5,MAX(0,(MAX(0,S6-5)/3)*5))-MIN(3,MAX(0,(MAX(0,R6-2.9)/0.5)*3)))*T6-MAX(0,(W6-22)*3.5))>60,60+SQRT((IF(ISNUMBER(X6),12*EXP(-0.0179*((INT(X6)-1)*32+ROUND(MOD(X6,1)*100,0)-1)),IF(LOWER(X6)="UDFA",0.3,0))+IF(C6>=76,8,IF(C6>=74,6,IF(C6>=73,3,IF(C6>=72,0,IF(C6>=71,-4,-8)))))+(MIN(25.5,MAX(0,K6/0.45*25.5))+MIN(17,MAX(0,I6/9.5*17))+MIN(12,MAX(0,N6/6*12))+MIN(11.5,MIN(10,MAX(0,G6/70*10))+MIN(3.75,MAX(0,H6/0.8*3.75)))+MIN(10.25,MAX(0,J6/8*10.25))+MIN(7.5,MAX(0,L6/7*7.5))+MIN(7.5,MAX(0,Q6/90*7.5))+MIN(6.25,MAX(0,P6/78*6.25))-MIN(8,MAX(0,(MAX(0,O6-2)/2)*8))-MIN(8,MAX(0,IF(M6<=1.5,0,IF(M6<=2.5,(M6-1.5)*4,4+(M6-2.5)*8))))-MIN(5,MAX(0,(MAX(0,S6-5)/3)*5))-MIN(3,MAX(0,(MAX(0,R6-2.9)/0.5)*3)))*T6-MAX(0,(W6-22)*3.5))-60)*5,(IF(ISNUMBER(X6),12*EXP(-0.0179*((INT(X6)-1)*32+ROUND(MOD(X6,1)*100,0)-1)),IF(LOWER(X6)="UDFA",0.3,0))+IF(C6>=76,8,IF(C6>=74,6,IF(C6>=73,3,IF(C6>=72,0,IF(C6>=71,-4,-8)))))+(MIN(25.5,MAX(0,K6/0.45*25.5))+MIN(17,MAX(0,I6/9.5*17))+MIN(12,MAX(0,N6/6*12))+MIN(11.5,MIN(10,MAX(0,G6/70*10))+MIN(3.75,MAX(0,H6/0.8*3.75)))+MIN(10.25,MAX(0,J6/8*10.25))+MIN(7.5,MAX(0,L6/7*7.5))+MIN(7.5,MAX(0,Q6/90*7.5))+MIN(6.25,MAX(0,P6/78*6.25))-MIN(8,MAX(0,(MAX(0,O6-2)/2)*8))-MIN(8,MAX(0,IF(M6<=1.5,0,IF(M6<=2.5,(M6-1.5)*4,4+(M6-2.5)*8))))-MIN(5,MAX(0,(MAX(0,S6-5)/3)*5))-MIN(3,MAX(0,(MAX(0,R6-2.9)/0.5)*3)))*T6-MAX(0,(W6-22)*3.5))))*0.98)+Z6)) -> 77 | AB6: =IF(AA6=-999,"",IF(AA6>=92,"Franchise QB",IF(AA6>=88,"High-end Starter",IF(AA6>=84,"Developmental Starter",IF(AA6>=71,"Backup / Camp QB",IF(AA6>=58,"Deep Stash","Cut")))))) -> Backup / Camp QB | AC6: CAR | AD6: 1.14
B7: Joey Aguilar (Tennessee) | C7: 75 | D7: 229 | E7: 4.85 | F7: =ROUND((D7*200)/(E7^4)*(C7/75),2) -> 82.77 | G7: 7.21 | H7: 0.31 | I7: 8.21 | J7: 8.14 | K7: 0.38 | L7: 5.9 | M7: 2.5 | N7: 5 | O7: 1.9 | P7: 73.5 | Q7: 90.7 | R7: 2.7 | S7: 4.7 | T7: 1 | U7: =ROUND(MIN(20,MAX(0,K7/0.45*20))+MIN(15,MAX(0,(I7-5)/7*15))+MIN(15,MAX(0,N7/6*15))+MIN(15,MAX(0,G7/80*15))+MIN(15,MAX(0,F7/120*15))+MIN(10,MAX(0,(J7-6)/5*10))+MIN(10,MAX(0,Q7/90*10)),1) -> 62.2 | V7: =ROUND(MIN(25,MAX(0,L7/10*25))+MIN(25,MAX(0,(1-M7/5)*25))+MIN(20,MAX(0,P7/78*20))+MIN(15,MAX(0,(J7-6)/5*15))+MIN(10,MAX(0,(MAX(0,2.5-O7)/2.5)*10))+IF(ISNUMBER(X7),MAX(0,5-((INT(X7)-1)*32+ROUND(MOD(X7,1)*100,0))*0.02),IF(LOWER(X7)="UDFA",0.5,3)),1) -> 55.4 | W7: 24 | X7: UDFA | Y7: JAX | Z7: =MAX(0,IFERROR(VLOOKUP(Y7,$AC$2:$AD$34,2,FALSE()),0)) -> 0.43 | AA7: =IF(AND(LOWER(X7)="udfa",OR(Y7="N/A",Y7="")),-999,INT(MIN(96.9,(IF((IF(ISNUMBER(X7),12*EXP(-0.0179*((INT(X7)-1)*32+ROUND(MOD(X7,1)*100,0)-1)),IF(LOWER(X7)="UDFA",0.3,0))+IF(C7>=76,8,IF(C7>=74,6,IF(C7>=73,3,IF(C7>=72,0,IF(C7>=71,-4,-8)))))+(MIN(25.5,MAX(0,K7/0.45*25.5))+MIN(17,MAX(0,I7/9.5*17))+MIN(12,MAX(0,N7/6*12))+MIN(11.5,MIN(10,MAX(0,G7/70*10))+MIN(3.75,MAX(0,H7/0.8*3.75)))+MIN(10.25,MAX(0,J7/8*10.25))+MIN(7.5,MAX(0,L7/7*7.5))+MIN(7.5,MAX(0,Q7/90*7.5))+MIN(6.25,MAX(0,P7/78*6.25))-MIN(8,MAX(0,(MAX(0,O7-2)/2)*8))-MIN(8,MAX(0,IF(M7<=1.5,0,IF(M7<=2.5,(M7-1.5)*4,4+(M7-2.5)*8))))-MIN(5,MAX(0,(MAX(0,S7-5)/3)*5))-MIN(3,MAX(0,(MAX(0,R7-2.9)/0.5)*3)))*T7-MAX(0,(W7-22)*3.5))>60,60+SQRT((IF(ISNUMBER(X7),12*EXP(-0.0179*((INT(X7)-1)*32+ROUND(MOD(X7,1)*100,0)-1)),IF(LOWER(X7)="UDFA",0.3,0))+IF(C7>=76,8,IF(C7>=74,6,IF(C7>=73,3,IF(C7>=72,0,IF(C7>=71,-4,-8)))))+(MIN(25.5,MAX(0,K7/0.45*25.5))+MIN(17,MAX(0,I7/9.5*17))+MIN(12,MAX(0,N7/6*12))+MIN(11.5,MIN(10,MAX(0,G7/70*10))+MIN(3.75,MAX(0,H7/0.8*3.75)))+MIN(10.25,MAX(0,J7/8*10.25))+MIN(7.5,MAX(0,L7/7*7.5))+MIN(7.5,MAX(0,Q7/90*7.5))+MIN(6.25,MAX(0,P7/78*6.25))-MIN(8,MAX(0,(MAX(0,O7-2)/2)*8))-MIN(8,MAX(0,IF(M7<=1.5,0,IF(M7<=2.5,(M7-1.5)*4,4+(M7-2.5)*8))))-MIN(5,MAX(0,(MAX(0,S7-5)/3)*5))-MIN(3,MAX(0,(MAX(0,R7-2.9)/0.5)*3)))*T7-MAX(0,(W7-22)*3.5))-60)*5,(IF(ISNUMBER(X7),12*EXP(-0.0179*((INT(X7)-1)*32+ROUND(MOD(X7,1)*100,0)-1)),IF(LOWER(X7)="UDFA",0.3,0))+IF(C7>=76,8,IF(C7>=74,6,IF(C7>=73,3,IF(C7>=72,0,IF(C7>=71,-4,-8)))))+(MIN(25.5,MAX(0,K7/0.45*25.5))+MIN(17,MAX(0,I7/9.5*17))+MIN(12,MAX(0,N7/6*12))+MIN(11.5,MIN(10,MAX(0,G7/70*10))+MIN(3.75,MAX(0,H7/0.8*3.75)))+MIN(10.25,MAX(0,J7/8*10.25))+MIN(7.5,MAX(0,L7/7*7.5))+MIN(7.5,MAX(0,Q7/90*7.5))+MIN(6.25,MAX(0,P7/78*6.25))-MIN(8,MAX(0,(MAX(0,O7-2)/2)*8))-MIN(8,MAX(0,IF(M7<=1.5,0,IF(M7<=2.5,(M7-1.5)*4,4+(M7-2.5)*8))))-MIN(5,MAX(0,(MAX(0,S7-5)/3)*5))-MIN(3,MAX(0,(MAX(0,R7-2.9)/0.5)*3)))*T7-MAX(0,(W7-22)*3.5))))*0.98)+Z7)) -> 77 | AB7: =IF(AA7=-999,"",IF(AA7>=92,"Franchise QB",IF(AA7>=88,"High-end Starter",IF(AA7>=84,"Developmental Starter",IF(AA7>=71,"Backup / Camp QB",IF(AA7>=58,"Deep Stash","Cut")))))) -> Backup / Camp QB | AC7: CHI | AD7: 1.52
B8: Drew Allar (Penn St.) | C8: 77 | D8: 228 | E8: 4.75 | F8: =ROUND((D8*200)/(E8^4)*(C8/75),2) -> 91.96 | G8: 28.55 | H8: 0.32 | I8: 7.88 | J8: 6.86 | K8: 0.189 | L8: 5.79 | M8: 1.99 | N8: 4.35 | O8: 2.244 | P8: 72.915 | Q8: 75.351 | R8: 2.878 | S8: 4.196 | T8: 1 | U8: =ROUND(MIN(20,MAX(0,K8/0.45*20))+MIN(15,MAX(0,(I8-5)/7*15))+MIN(15,MAX(0,N8/6*15))+MIN(15,MAX(0,G8/80*15))+MIN(15,MAX(0,F8/120*15))+MIN(10,MAX(0,(J8-6)/5*10))+MIN(10,MAX(0,Q8/90*10)),1) -> 52.4 | V8: =ROUND(MIN(25,MAX(0,L8/10*25))+MIN(25,MAX(0,(1-M8/5)*25))+MIN(20,MAX(0,P8/78*20))+MIN(15,MAX(0,(J8-6)/5*15))+MIN(10,MAX(0,(MAX(0,2.5-O8)/2.5)*10))+IF(ISNUMBER(X8),MAX(0,5-((INT(X8)-1)*32+ROUND(MOD(X8,1)*100,0))*0.02),IF(LOWER(X8)="UDFA",0.5,3)),1) -> 55.3 | W8: 23 | X8: 3.12 | Y8: PIT | Z8: =MAX(0,IFERROR(VLOOKUP(Y8,$AC$2:$AD$34,2,FALSE()),0)) -> 1.21 | AA8: =IF(AND(LOWER(X8)="udfa",OR(Y8="N/A",Y8="")),-999,INT(MIN(96.9,(IF((IF(ISNUMBER(X8),12*EXP(-0.0179*((INT(X8)-1)*32+ROUND(MOD(X8,1)*100,0)-1)),IF(LOWER(X8)="UDFA",0.3,0))+IF(C8>=76,8,IF(C8>=74,6,IF(C8>=73,3,IF(C8>=72,0,IF(C8>=71,-4,-8)))))+(MIN(25.5,MAX(0,K8/0.45*25.5))+MIN(17,MAX(0,I8/9.5*17))+MIN(12,MAX(0,N8/6*12))+MIN(11.5,MIN(10,MAX(0,G8/70*10))+MIN(3.75,MAX(0,H8/0.8*3.75)))+MIN(10.25,MAX(0,J8/8*10.25))+MIN(7.5,MAX(0,L8/7*7.5))+MIN(7.5,MAX(0,Q8/90*7.5))+MIN(6.25,MAX(0,P8/78*6.25))-MIN(8,MAX(0,(MAX(0,O8-2)/2)*8))-MIN(8,MAX(0,IF(M8<=1.5,0,IF(M8<=2.5,(M8-1.5)*4,4+(M8-2.5)*8))))-MIN(5,MAX(0,(MAX(0,S8-5)/3)*5))-MIN(3,MAX(0,(MAX(0,R8-2.9)/0.5)*3)))*T8-MAX(0,(W8-22)*3.5))>60,60+SQRT((IF(ISNUMBER(X8),12*EXP(-0.0179*((INT(X8)-1)*32+ROUND(MOD(X8,1)*100,0)-1)),IF(LOWER(X8)="UDFA",0.3,0))+IF(C8>=76,8,IF(C8>=74,6,IF(C8>=73,3,IF(C8>=72,0,IF(C8>=71,-4,-8)))))+(MIN(25.5,MAX(0,K8/0.45*25.5))+MIN(17,MAX(0,I8/9.5*17))+MIN(12,MAX(0,N8/6*12))+MIN(11.5,MIN(10,MAX(0,G8/70*10))+MIN(3.75,MAX(0,H8/0.8*3.75)))+MIN(10.25,MAX(0,J8/8*10.25))+MIN(7.5,MAX(0,L8/7*7.5))+MIN(7.5,MAX(0,Q8/90*7.5))+MIN(6.25,MAX(0,P8/78*6.25))-MIN(8,MAX(0,(MAX(0,O8-2)/2)*8))-MIN(8,MAX(0,IF(M8<=1.5,0,IF(M8<=2.5,(M8-1.5)*4,4+(M8-2.5)*8))))-MIN(5,MAX(0,(MAX(0,S8-5)/3)*5))-MIN(3,MAX(0,(MAX(0,R8-2.9)/0.5)*3)))*T8-MAX(0,(W8-22)*3.5))-60)*5,(IF(ISNUMBER(X8),12*EXP(-0.0179*((INT(X8)-1)*32+ROUND(MOD(X8,1)*100,0)-1)),IF(LOWER(X8)="UDFA",0.3,0))+IF(C8>=76,8,IF(C8>=74,6,IF(C8>=73,3,IF(C8>=72,0,IF(C8>=71,-4,-8)))))+(MIN(25.5,MAX(0,K8/0.45*25.5))+MIN(17,MAX(0,I8/9.5*17))+MIN(12,MAX(0,N8/6*12))+MIN(11.5,MIN(10,MAX(0,G8/70*10))+MIN(3.75,MAX(0,H8/0.8*3.75)))+MIN(10.25,MAX(0,J8/8*10.25))+MIN(7.5,MAX(0,L8/7*7.5))+MIN(7.5,MAX(0,Q8/90*7.5))+MIN(6.25,MAX(0,P8/78*6.25))-MIN(8,MAX(0,(MAX(0,O8-2)/2)*8))-MIN(8,MAX(0,IF(M8<=1.5,0,IF(M8<=2.5,(M8-1.5)*4,4+(M8-2.5)*8))))-MIN(5,MAX(0,(MAX(0,S8-5)/3)*5))-MIN(3,MAX(0,(MAX(0,R8-2.9)/0.5)*3)))*T8-MAX(0,(W8-22)*3.5))))*0.98)+Z8)) -> 76 | AB8: =IF(AA8=-999,"",IF(AA8>=92,"Franchise QB",IF(AA8>=88,"High-end Starter",IF(AA8>=84,"Developmental Starter",IF(AA8>=71,"Backup / Camp QB",IF(AA8>=58,"Deep Stash","Cut")))))) -> Backup / Camp QB | AC8: CIN | AD8: 1.36
B9: Carson Beck (Miami) | C9: 77 | D9: 233 | E9: 4.85 | F9: =ROUND((D9*200)/(E9^4)*(C9/75),2) -> 86.47 | G9: 12.24 | H9: 0.1 | I9: 7.73 | J9: 7.14 | K9: 0.374 | L9: 6.32 | M9: 2.61 | N9: 4.027 | O9: 2.976 | P9: 77.11 | Q9: 77.83 | R9: 2.458 | S9: 3.291 | T9: 1 | U9: =ROUND(MIN(20,MAX(0,K9/0.45*20))+MIN(15,MAX(0,(I9-5)/7*15))+MIN(15,MAX(0,N9/6*15))+MIN(15,MAX(0,G9/80*15))+MIN(15,MAX(0,F9/120*15))+MIN(10,MAX(0,(J9-6)/5*10))+MIN(10,MAX(0,Q9/90*10)),1) -> 56.6 | V9: =ROUND(MIN(25,MAX(0,L9/10*25))+MIN(25,MAX(0,(1-M9/5)*25))+MIN(20,MAX(0,P9/78*20))+MIN(15,MAX(0,(J9-6)/5*15))+MIN(10,MAX(0,(MAX(0,2.5-O9)/2.5)*10))+IF(ISNUMBER(X9),MAX(0,5-((INT(X9)-1)*32+ROUND(MOD(X9,1)*100,0))*0.02),IF(LOWER(X9)="UDFA",0.5,3)),1) -> 54.6 | W9: 24 | X9: 3.01 | Y9: ARI | Z9: =MAX(0,IFERROR(VLOOKUP(Y9,$AC$2:$AD$34,2,FALSE()),0)) -> 1.46 | AA9: =IF(AND(LOWER(X9)="udfa",OR(Y9="N/A",Y9="")),-999,INT(MIN(96.9,(IF((IF(ISNUMBER(X9),12*EXP(-0.0179*((INT(X9)-1)*32+ROUND(MOD(X9,1)*100,0)-1)),IF(LOWER(X9)="UDFA",0.3,0))+IF(C9>=76,8,IF(C9>=74,6,IF(C9>=73,3,IF(C9>=72,0,IF(C9>=71,-4,-8)))))+(MIN(25.5,MAX(0,K9/0.45*25.5))+MIN(17,MAX(0,I9/9.5*17))+MIN(12,MAX(0,N9/6*12))+MIN(11.5,MIN(10,MAX(0,G9/70*10))+MIN(3.75,MAX(0,H9/0.8*3.75)))+MIN(10.25,MAX(0,J9/8*10.25))+MIN(7.5,MAX(0,L9/7*7.5))+MIN(7.5,MAX(0,Q9/90*7.5))+MIN(6.25,MAX(0,P9/78*6.25))-MIN(8,MAX(0,(MAX(0,O9-2)/2)*8))-MIN(8,MAX(0,IF(M9<=1.5,0,IF(M9<=2.5,(M9-1.5)*4,4+(M9-2.5)*8))))-MIN(5,MAX(0,(MAX(0,S9-5)/3)*5))-MIN(3,MAX(0,(MAX(0,R9-2.9)/0.5)*3)))*T9-MAX(0,(W9-22)*3.5))>60,60+SQRT((IF(ISNUMBER(X9),12*EXP(-0.0179*((INT(X9)-1)*32+ROUND(MOD(X9,1)*100,0)-1)),IF(LOWER(X9)="UDFA",0.3,0))+IF(C9>=76,8,IF(C9>=74,6,IF(C9>=73,3,IF(C9>=72,0,IF(C9>=71,-4,-8)))))+(MIN(25.5,MAX(0,K9/0.45*25.5))+MIN(17,MAX(0,I9/9.5*17))+MIN(12,MAX(0,N9/6*12))+MIN(11.5,MIN(10,MAX(0,G9/70*10))+MIN(3.75,MAX(0,H9/0.8*3.75)))+MIN(10.25,MAX(0,J9/8*10.25))+MIN(7.5,MAX(0,L9/7*7.5))+MIN(7.5,MAX(0,Q9/90*7.5))+MIN(6.25,MAX(0,P9/78*6.25))-MIN(8,MAX(0,(MAX(0,O9-2)/2)*8))-MIN(8,MAX(0,IF(M9<=1.5,0,IF(M9<=2.5,(M9-1.5)*4,4+(M9-2.5)*8))))-MIN(5,MAX(0,(MAX(0,S9-5)/3)*5))-MIN(3,MAX(0,(MAX(0,R9-2.9)/0.5)*3)))*T9-MAX(0,(W9-22)*3.5))-60)*5,(IF(ISNUMBER(X9),12*EXP(-0.0179*((INT(X9)-1)*32+ROUND(MOD(X9,1)*100,0)-1)),IF(LOWER(X9)="UDFA",0.3,0))+IF(C9>=76,8,IF(C9>=74,6,IF(C9>=73,3,IF(C9>=72,0,IF(C9>=71,-4,-8)))))+(MIN(25.5,MAX(0,K9/0.45*25.5))+MIN(17,MAX(0,I9/9.5*17))+MIN(12,MAX(0,N9/6*12))+MIN(11.5,MIN(10,MAX(0,G9/70*10))+MIN(3.75,MAX(0,H9/0.8*3.75)))+MIN(10.25,MAX(0,J9/8*10.25))+MIN(7.5,MAX(0,L9/7*7.5))+MIN(7.5,MAX(0,Q9/90*7.5))+MIN(6.25,MAX(0,P9/78*6.25))-MIN(8,MAX(0,(MAX(0,O9-2)/2)*8))-MIN(8,MAX(0,IF(M9<=1.5,0,IF(M9<=2.5,(M9-1.5)*4,4+(M9-2.5)*8))))-MIN(5,MAX(0,(MAX(0,S9-5)/3)*5))-MIN(3,MAX(0,(MAX(0,R9-2.9)/0.5)*3)))*T9-MAX(0,(W9-22)*3.5))))*0.98)+Z9)) -> 75 | AB9: =IF(AA9=-999,"",IF(AA9>=92,"Franchise QB",IF(AA9>=88,"High-end Starter",IF(AA9>=84,"Developmental Starter",IF(AA9>=71,"Backup / Camp QB",IF(AA9>=58,"Deep Stash","Cut")))))) -> Backup / Camp QB | AC9: CLE | AD9: 0.26
B10: Luke Altmyer (Illinois) | C10: 74 | D10: 210 | E10: 4.72 | F10: =ROUND((D10*200)/(E10^4)*(C10/75),2) -> 83.49 | G10: 34.69 | H10: 0.35 | I10: 7.87 | J10: 6.87 | K10: 0.387 | L10: 6.15 | M10: 1.54 | N10: 4.187 | O10: 3.149 | P10: 73.261 | Q10: 74.447 | R10: 2.884 | S10: 7.351 | T10: 1 | U10: =ROUND(MIN(20,MAX(0,K10/0.45*20))+MIN(15,MAX(0,(I10-5)/7*15))+MIN(15,MAX(0,N10/6*15))+MIN(15,MAX(0,G10/80*15))+MIN(15,MAX(0,F10/120*15))+MIN(10,MAX(0,(J10-6)/5*10))+MIN(10,MAX(0,Q10/90*10)),1) -> 60.8 | V10: =ROUND(MIN(25,MAX(0,L10/10*25))+MIN(25,MAX(0,(1-M10/5)*25))+MIN(20,MAX(0,P10/78*20))+MIN(15,MAX(0,(J10-6)/5*15))+MIN(10,MAX(0,(MAX(0,2.5-O10)/2.5)*10))+IF(ISNUMBER(X10),MAX(0,5-((INT(X10)-1)*32+ROUND(MOD(X10,1)*100,0))*0.02),IF(LOWER(X10)="UDFA",0.5,3)),1) -> 54.6 | W10: 24 | X10: UDFA | Y10: DET | Z10: =MAX(0,IFERROR(VLOOKUP(Y10,$AC$2:$AD$34,2,FALSE()),0)) -> 1.59 | AA10: =IF(AND(LOWER(X10)="udfa",OR(Y10="N/A",Y10="")),-999,INT(MIN(96.9,(IF((IF(ISNUMBER(X10),12*EXP(-0.0179*((INT(X10)-1)*32+ROUND(MOD(X10,1)*100,0)-1)),IF(LOWER(X10)="UDFA",0.3,0))+IF(C10>=76,8,IF(C10>=74,6,IF(C10>=73,3,IF(C10>=72,0,IF(C10>=71,-4,-8)))))+(MIN(25.5,MAX(0,K10/0.45*25.5))+MIN(17,MAX(0,I10/9.5*17))+MIN(12,MAX(0,N10/6*12))+MIN(11.5,MIN(10,MAX(0,G10/70*10))+MIN(3.75,MAX(0,H10/0.8*3.75)))+MIN(10.25,MAX(0,J10/8*10.25))+MIN(7.5,MAX(0,L10/7*7.5))+MIN(7.5,MAX(0,Q10/90*7.5))+MIN(6.25,MAX(0,P10/78*6.25))-MIN(8,MAX(0,(MAX(0,O10-2)/2)*8))-MIN(8,MAX(0,IF(M10<=1.5,0,IF(M10<=2.5,(M10-1.5)*4,4+(M10-2.5)*8))))-MIN(5,MAX(0,(MAX(0,S10-5)/3)*5))-MIN(3,MAX(0,(MAX(0,R10-2.9)/0.5)*3)))*T10-MAX(0,(W10-22)*3.5))>60,60+SQRT((IF(ISNUMBER(X10),12*EXP(-0.0179*((INT(X10)-1)*32+ROUND(MOD(X10,1)*100,0)-1)),IF(LOWER(X10)="UDFA",0.3,0))+IF(C10>=76,8,IF(C10>=74,6,IF(C10>=73,3,IF(C10>=72,0,IF(C10>=71,-4,-8)))))+(MIN(25.5,MAX(0,K10/0.45*25.5))+MIN(17,MAX(0,I10/9.5*17))+MIN(12,MAX(0,N10/6*12))+MIN(11.5,MIN(10,MAX(0,G10/70*10))+MIN(3.75,MAX(0,H10/0.8*3.75)))+MIN(10.25,MAX(0,J10/8*10.25))+MIN(7.5,MAX(0,L10/7*7.5))+MIN(7.5,MAX(0,Q10/90*7.5))+MIN(6.25,MAX(0,P10/78*6.25))-MIN(8,MAX(0,(MAX(0,O10-2)/2)*8))-MIN(8,MAX(0,IF(M10<=1.5,0,IF(M10<=2.5,(M10-1.5)*4,4+(M10-2.5)*8))))-MIN(5,MAX(0,(MAX(0,S10-5)/3)*5))-MIN(3,MAX(0,(MAX(0,R10-2.9)/0.5)*3)))*T10-MAX(0,(W10-22)*3.5))-60)*5,(IF(ISNUMBER(X10),12*EXP(-0.0179*((INT(X10)-1)*32+ROUND(MOD(X10,1)*100,0)-1)),IF(LOWER(X10)="UDFA",0.3,0))+IF(C10>=76,8,IF(C10>=74,6,IF(C10>=73,3,IF(C10>=72,0,IF(C10>=71,-4,-8)))))+(MIN(25.5,MAX(0,K10/0.45*25.5))+MIN(17,MAX(0,I10/9.5*17))+MIN(12,MAX(0,N10/6*12))+MIN(11.5,MIN(10,MAX(0,G10/70*10))+MIN(3.75,MAX(0,H10/0.8*3.75)))+MIN(10.25,MAX(0,J10/8*10.25))+MIN(7.5,MAX(0,L10/7*7.5))+MIN(7.5,MAX(0,Q10/90*7.5))+MIN(6.25,MAX(0,P10/78*6.25))-MIN(8,MAX(0,(MAX(0,O10-2)/2)*8))-MIN(8,MAX(0,IF(M10<=1.5,0,IF(M10<=2.5,(M10-1.5)*4,4+(M10-2.5)*8))))-MIN(5,MAX(0,(MAX(0,S10-5)/3)*5))-MIN(3,MAX(0,(MAX(0,R10-2.9)/0.5)*3)))*T10-MAX(0,(W10-22)*3.5))))*0.98)+Z10)) -> 75 | AB10: =IF(AA10=-999,"",IF(AA10>=92,"Franchise QB",IF(AA10>=88,"High-end Starter",IF(AA10>=84,"Developmental Starter",IF(AA10>=71,"Backup / Camp QB",IF(AA10>=58,"Deep Stash","Cut")))))) -> Backup / Camp QB | AC10: DAL | AD10: 2.22
B11: Behren Morton (Texas Tech) | C11: 74 | D11: 221 | E11: 4.88 | F11: =ROUND((D11*200)/(E11^4)*(C11/75),2) -> 76.9 | G11: 9.62 | H11: 0.04 | I11: 7.65 | J11: 6.97 | K11: 0.338 | L11: 6.11 | M11: 1.75 | N11: 5.023 | O11: 3.513 | P11: 74.621 | Q11: 76.124 | R11: 2.665 | S11: 4.887 | T11: 1 | U11: =ROUND(MIN(20,MAX(0,K11/0.45*20))+MIN(15,MAX(0,(I11-5)/7*15))+MIN(15,MAX(0,N11/6*15))+MIN(15,MAX(0,G11/80*15))+MIN(15,MAX(0,F11/120*15))+MIN(10,MAX(0,(J11-6)/5*10))+MIN(10,MAX(0,Q11/90*10)),1) -> 55.1 | V11: =ROUND(MIN(25,MAX(0,L11/10*25))+MIN(25,MAX(0,(1-M11/5)*25))+MIN(20,MAX(0,P11/78*20))+MIN(15,MAX(0,(J11-6)/5*15))+MIN(10,MAX(0,(MAX(0,2.5-O11)/2.5)*10))+IF(ISNUMBER(X11),MAX(0,5-((INT(X11)-1)*32+ROUND(MOD(X11,1)*100,0))*0.02),IF(LOWER(X11)="UDFA",0.5,3)),1) -> 54.1 | W11: 23 | X11: UDFA | Y11: NE | Z11: =MAX(0,IFERROR(VLOOKUP(Y11,$AC$2:$AD$34,2,FALSE()),0)) -> 0.71 | AA11: =IF(AND(LOWER(X11)="udfa",OR(Y11="N/A",Y11="")),-999,INT(MIN(96.9,(IF((IF(ISNUMBER(X11),12*EXP(-0.0179*((INT(X11)-1)*32+ROUND(MOD(X11,1)*100,0)-1)),IF(LOWER(X11)="UDFA",0.3,0))+IF(C11>=76,8,IF(C11>=74,6,IF(C11>=73,3,IF(C11>=72,0,IF(C11>=71,-4,-8)))))+(MIN(25.5,MAX(0,K11/0.45*25.5))+MIN(17,MAX(0,I11/9.5*17))+MIN(12,MAX(0,N11/6*12))+MIN(11.5,MIN(10,MAX(0,G11/70*10))+MIN(3.75,MAX(0,H11/0.8*3.75)))+MIN(10.25,MAX(0,J11/8*10.25))+MIN(7.5,MAX(0,L11/7*7.5))+MIN(7.5,MAX(0,Q11/90*7.5))+MIN(6.25,MAX(0,P11/78*6.25))-MIN(8,MAX(0,(MAX(0,O11-2)/2)*8))-MIN(8,MAX(0,IF(M11<=1.5,0,IF(M11<=2.5,(M11-1.5)*4,4+(M11-2.5)*8))))-MIN(5,MAX(0,(MAX(0,S11-5)/3)*5))-MIN(3,MAX(0,(MAX(0,R11-2.9)/0.5)*3)))*T11-MAX(0,(W11-22)*3.5))>60,60+SQRT((IF(ISNUMBER(X11),12*EXP(-0.0179*((INT(X11)-1)*32+ROUND(MOD(X11,1)*100,0)-1)),IF(LOWER(X11)="UDFA",0.3,0))+IF(C11>=76,8,IF(C11>=74,6,IF(C11>=73,3,IF(C11>=72,0,IF(C11>=71,-4,-8)))))+(MIN(25.5,MAX(0,K11/0.45*25.5))+MIN(17,MAX(0,I11/9.5*17))+MIN(12,MAX(0,N11/6*12))+MIN(11.5,MIN(10,MAX(0,G11/70*10))+MIN(3.75,MAX(0,H11/0.8*3.75)))+MIN(10.25,MAX(0,J11/8*10.25))+MIN(7.5,MAX(0,L11/7*7.5))+MIN(7.5,MAX(0,Q11/90*7.5))+MIN(6.25,MAX(0,P11/78*6.25))-MIN(8,MAX(0,(MAX(0,O11-2)/2)*8))-MIN(8,MAX(0,IF(M11<=1.5,0,IF(M11<=2.5,(M11-1.5)*4,4+(M11-2.5)*8))))-MIN(5,MAX(0,(MAX(0,S11-5)/3)*5))-MIN(3,MAX(0,(MAX(0,R11-2.9)/0.5)*3)))*T11-MAX(0,(W11-22)*3.5))-60)*5,(IF(ISNUMBER(X11),12*EXP(-0.0179*((INT(X11)-1)*32+ROUND(MOD(X11,1)*100,0)-1)),IF(LOWER(X11)="UDFA",0.3,0))+IF(C11>=76,8,IF(C11>=74,6,IF(C11>=73,3,IF(C11>=72,0,IF(C11>=71,-4,-8)))))+(MIN(25.5,MAX(0,K11/0.45*25.5))+MIN(17,MAX(0,I11/9.5*17))+MIN(12,MAX(0,N11/6*12))+MIN(11.5,MIN(10,MAX(0,G11/70*10))+MIN(3.75,MAX(0,H11/0.8*3.75)))+MIN(10.25,MAX(0,J11/8*10.25))+MIN(7.5,MAX(0,L11/7*7.5))+MIN(7.5,MAX(0,Q11/90*7.5))+MIN(6.25,MAX(0,P11/78*6.25))-MIN(8,MAX(0,(MAX(0,O11-2)/2)*8))-MIN(8,MAX(0,IF(M11<=1.5,0,IF(M11<=2.5,(M11-1.5)*4,4+(M11-2.5)*8))))-MIN(5,MAX(0,(MAX(0,S11-5)/3)*5))-MIN(3,MAX(0,(MAX(0,R11-2.9)/0.5)*3)))*T11-MAX(0,(W11-22)*3.5))))*0.98)+Z11)) -> 73 | AB11: =IF(AA11=-999,"",IF(AA11>=92,"Franchise QB",IF(AA11>=88,"High-end Starter",IF(AA11>=84,"Developmental Starter",IF(AA11>=71,"Backup / Camp QB",IF(AA11>=58,"Deep Stash","Cut")))))) -> Backup / Camp QB | AC11: DEN | AD11: 2.39
B12: Joe Fagnano (Connecticut); Sleeper*** | C12: 75 | D12: 226 | E12: 4.83 | F12: =ROUND((D12*200)/(E12^4)*(C12/75),2) -> 83.05 | G12: 14 | H12: 0.18 | I12: 9.06 | J12: 7.54 | K12: 0.464 | L12: 7.73 | M12: 0.81 | N12: 3.2 | O12: 1.7 | P12: 75.89 | Q12: 77.624 | R12: 2.5 | S12: 3.237 | T12: 0.85 | U12: =ROUND(MIN(20,MAX(0,K12/0.45*20))+MIN(15,MAX(0,(I12-5)/7*15))+MIN(15,MAX(0,N12/6*15))+MIN(15,MAX(0,G12/80*15))+MIN(15,MAX(0,F12/120*15))+MIN(10,MAX(0,(J12-6)/5*10))+MIN(10,MAX(0,Q12/90*10)),1) -> 61.4 | V12: =ROUND(MIN(25,MAX(0,L12/10*25))+MIN(25,MAX(0,(1-M12/5)*25))+MIN(20,MAX(0,P12/78*20))+MIN(15,MAX(0,(J12-6)/5*15))+MIN(10,MAX(0,(MAX(0,2.5-O12)/2.5)*10))+IF(ISNUMBER(X12),MAX(0,5-((INT(X12)-1)*32+ROUND(MOD(X12,1)*100,0))*0.02),IF(LOWER(X12)="UDFA",0.5,3)),1) -> 68.1 | W12: 25 | X12: UDFA | Y12: BAL | Z12: =MAX(0,IFERROR(VLOOKUP(Y12,$AC$2:$AD$34,2,FALSE()),0)) -> 0.97 | AA12: =IF(AND(LOWER(X12)="udfa",OR(Y12="N/A",Y12="")),-999,INT(MIN(96.9,(IF((IF(ISNUMBER(X12),12*EXP(-0.0179*((INT(X12)-1)*32+ROUND(MOD(X12,1)*100,0)-1)),IF(LOWER(X12)="UDFA",0.3,0))+IF(C12>=76,8,IF(C12>=74,6,IF(C12>=73,3,IF(C12>=72,0,IF(C12>=71,-4,-8)))))+(MIN(25.5,MAX(0,K12/0.45*25.5))+MIN(17,MAX(0,I12/9.5*17))+MIN(12,MAX(0,N12/6*12))+MIN(11.5,MIN(10,MAX(0,G12/70*10))+MIN(3.75,MAX(0,H12/0.8*3.75)))+MIN(10.25,MAX(0,J12/8*10.25))+MIN(7.5,MAX(0,L12/7*7.5))+MIN(7.5,MAX(0,Q12/90*7.5))+MIN(6.25,MAX(0,P12/78*6.25))-MIN(8,MAX(0,(MAX(0,O12-2)/2)*8))-MIN(8,MAX(0,IF(M12<=1.5,0,IF(M12<=2.5,(M12-1.5)*4,4+(M12-2.5)*8))))-MIN(5,MAX(0,(MAX(0,S12-5)/3)*5))-MIN(3,MAX(0,(MAX(0,R12-2.9)/0.5)*3)))*T12-MAX(0,(W12-22)*3.5))>60,60+SQRT((IF(ISNUMBER(X12),12*EXP(-0.0179*((INT(X12)-1)*32+ROUND(MOD(X12,1)*100,0)-1)),IF(LOWER(X12)="UDFA",0.3,0))+IF(C12>=76,8,IF(C12>=74,6,IF(C12>=73,3,IF(C12>=72,0,IF(C12>=71,-4,-8)))))+(MIN(25.5,MAX(0,K12/0.45*25.5))+MIN(17,MAX(0,I12/9.5*17))+MIN(12,MAX(0,N12/6*12))+MIN(11.5,MIN(10,MAX(0,G12/70*10))+MIN(3.75,MAX(0,H12/0.8*3.75)))+MIN(10.25,MAX(0,J12/8*10.25))+MIN(7.5,MAX(0,L12/7*7.5))+MIN(7.5,MAX(0,Q12/90*7.5))+MIN(6.25,MAX(0,P12/78*6.25))-MIN(8,MAX(0,(MAX(0,O12-2)/2)*8))-MIN(8,MAX(0,IF(M12<=1.5,0,IF(M12<=2.5,(M12-1.5)*4,4+(M12-2.5)*8))))-MIN(5,MAX(0,(MAX(0,S12-5)/3)*5))-MIN(3,MAX(0,(MAX(0,R12-2.9)/0.5)*3)))*T12-MAX(0,(W12-22)*3.5))-60)*5,(IF(ISNUMBER(X12),12*EXP(-0.0179*((INT(X12)-1)*32+ROUND(MOD(X12,1)*100,0)-1)),IF(LOWER(X12)="UDFA",0.3,0))+IF(C12>=76,8,IF(C12>=74,6,IF(C12>=73,3,IF(C12>=72,0,IF(C12>=71,-4,-8)))))+(MIN(25.5,MAX(0,K12/0.45*25.5))+MIN(17,MAX(0,I12/9.5*17))+MIN(12,MAX(0,N12/6*12))+MIN(11.5,MIN(10,MAX(0,G12/70*10))+MIN(3.75,MAX(0,H12/0.8*3.75)))+MIN(10.25,MAX(0,J12/8*10.25))+MIN(7.5,MAX(0,L12/7*7.5))+MIN(7.5,MAX(0,Q12/90*7.5))+MIN(6.25,MAX(0,P12/78*6.25))-MIN(8,MAX(0,(MAX(0,O12-2)/2)*8))-MIN(8,MAX(0,IF(M12<=1.5,0,IF(M12<=2.5,(M12-1.5)*4,4+(M12-2.5)*8))))-MIN(5,MAX(0,(MAX(0,S12-5)/3)*5))-MIN(3,MAX(0,(MAX(0,R12-2.9)/0.5)*3)))*T12-MAX(0,(W12-22)*3.5))))*0.98)+Z12)) -> 70 | AB12: =IF(AA12=-999,"",IF(AA12>=92,"Franchise QB",IF(AA12>=88,"High-end Starter",IF(AA12>=84,"Developmental Starter",IF(AA12>=71,"Backup / Camp QB",IF(AA12>=58,"Deep Stash","Cut")))))) -> Deep Stash | AC12: DET | AD12: 1.59
B13: Taylen Green (Arkansas) | C13: 77.875 | D13: 227 | E13: 4.36 | F13: =ROUND((D13*200)/(E13^4)*(C13/75),2) -> 130.45 | G13: 72.68 | H13: 0.64 | I13: 7.29 | J13: 6.88 | K13: 0.332 | L13: 4.76 | M13: 2.8 | N13: 4.438 | O13: 4.385 | P13: 70.649 | Q13: 72.919 | R13: 3.195 | S13: 6.954 | T13: 1 | U13: =ROUND(MIN(20,MAX(0,K13/0.45*20))+MIN(15,MAX(0,(I13-5)/7*15))+MIN(15,MAX(0,N13/6*15))+MIN(15,MAX(0,G13/80*15))+MIN(15,MAX(0,F13/120*15))+MIN(10,MAX(0,(J13-6)/5*10))+MIN(10,MAX(0,Q13/90*10)),1) -> 69.2 | V13: =ROUND(MIN(25,MAX(0,L13/10*25))+MIN(25,MAX(0,(1-M13/5)*25))+MIN(20,MAX(0,P13/78*20))+MIN(15,MAX(0,(J13-6)/5*15))+MIN(10,MAX(0,(MAX(0,2.5-O13)/2.5)*10))+IF(ISNUMBER(X13),MAX(0,5-((INT(X13)-1)*32+ROUND(MOD(X13,1)*100,0))*0.02),IF(LOWER(X13)="UDFA",0.5,3)),1) -> 45 | W13: 23 | X13: 6.22 | Y13: CLE | Z13: =MAX(0,IFERROR(VLOOKUP(Y13,$AC$2:$AD$34,2,FALSE()),0)) -> 0.26 | AA13: =IF(AND(LOWER(X13)="udfa",OR(Y13="N/A",Y13="")),-999,INT(MIN(96.9,(IF((IF(ISNUMBER(X13),12*EXP(-0.0179*((INT(X13)-1)*32+ROUND(MOD(X13,1)*100,0)-1)),IF(LOWER(X13)="UDFA",0.3,0))+IF(C13>=76,8,IF(C13>=74,6,IF(C13>=73,3,IF(C13>=72,0,IF(C13>=71,-4,-8)))))+(MIN(25.5,MAX(0,K13/0.45*25.5))+MIN(17,MAX(0,I13/9.5*17))+MIN(12,MAX(0,N13/6*12))+MIN(11.5,MIN(10,MAX(0,G13/70*10))+MIN(3.75,MAX(0,H13/0.8*3.75)))+MIN(10.25,MAX(0,J13/8*10.25))+MIN(7.5,MAX(0,L13/7*7.5))+MIN(7.5,MAX(0,Q13/90*7.5))+MIN(6.25,MAX(0,P13/78*6.25))-MIN(8,MAX(0,(MAX(0,O13-2)/2)*8))-MIN(8,MAX(0,IF(M13<=1.5,0,IF(M13<=2.5,(M13-1.5)*4,4+(M13-2.5)*8))))-MIN(5,MAX(0,(MAX(0,S13-5)/3)*5))-MIN(3,MAX(0,(MAX(0,R13-2.9)/0.5)*3)))*T13-MAX(0,(W13-22)*3.5))>60,60+SQRT((IF(ISNUMBER(X13),12*EXP(-0.0179*((INT(X13)-1)*32+ROUND(MOD(X13,1)*100,0)-1)),IF(LOWER(X13)="UDFA",0.3,0))+IF(C13>=76,8,IF(C13>=74,6,IF(C13>=73,3,IF(C13>=72,0,IF(C13>=71,-4,-8)))))+(MIN(25.5,MAX(0,K13/0.45*25.5))+MIN(17,MAX(0,I13/9.5*17))+MIN(12,MAX(0,N13/6*12))+MIN(11.5,MIN(10,MAX(0,G13/70*10))+MIN(3.75,MAX(0,H13/0.8*3.75)))+MIN(10.25,MAX(0,J13/8*10.25))+MIN(7.5,MAX(0,L13/7*7.5))+MIN(7.5,MAX(0,Q13/90*7.5))+MIN(6.25,MAX(0,P13/78*6.25))-MIN(8,MAX(0,(MAX(0,O13-2)/2)*8))-MIN(8,MAX(0,IF(M13<=1.5,0,IF(M13<=2.5,(M13-1.5)*4,4+(M13-2.5)*8))))-MIN(5,MAX(0,(MAX(0,S13-5)/3)*5))-MIN(3,MAX(0,(MAX(0,R13-2.9)/0.5)*3)))*T13-MAX(0,(W13-22)*3.5))-60)*5,(IF(ISNUMBER(X13),12*EXP(-0.0179*((INT(X13)-1)*32+ROUND(MOD(X13,1)*100,0)-1)),IF(LOWER(X13)="UDFA",0.3,0))+IF(C13>=76,8,IF(C13>=74,6,IF(C13>=73,3,IF(C13>=72,0,IF(C13>=71,-4,-8)))))+(MIN(25.5,MAX(0,K13/0.45*25.5))+MIN(17,MAX(0,I13/9.5*17))+MIN(12,MAX(0,N13/6*12))+MIN(11.5,MIN(10,MAX(0,G13/70*10))+MIN(3.75,MAX(0,H13/0.8*3.75)))+MIN(10.25,MAX(0,J13/8*10.25))+MIN(7.5,MAX(0,L13/7*7.5))+MIN(7.5,MAX(0,Q13/90*7.5))+MIN(6.25,MAX(0,P13/78*6.25))-MIN(8,MAX(0,(MAX(0,O13-2)/2)*8))-MIN(8,MAX(0,IF(M13<=1.5,0,IF(M13<=2.5,(M13-1.5)*4,4+(M13-2.5)*8))))-MIN(5,MAX(0,(MAX(0,S13-5)/3)*5))-MIN(3,MAX(0,(MAX(0,R13-2.9)/0.5)*3)))*T13-MAX(0,(W13-22)*3.5))))*0.98)+Z13)) -> 68 | AB13: =IF(AA13=-999,"",IF(AA13>=92,"Franchise QB",IF(AA13>=88,"High-end Starter",IF(AA13>=84,"Developmental Starter",IF(AA13>=71,"Backup / Camp QB",IF(AA13>=58,"Deep Stash","Cut")))))) -> Deep Stash | AC13: GB | AD13: 1.16
B14: Cole Payton (NDSU) | C14: 75 | D14: 232 | E14: 4.56 | F14: =ROUND((D14*200)/(E14^4)*(C14/75),2) -> 107.31 | G14: 59.8 | H14: 1 | I14: 11.39 | J14: 10.83 | K14: 0.569 | L14: 6.93 | M14: 1.73 | N14: 11.3 | O14: 1.5 | P14: 72 | Q14: 94.6 | R14: 3.33 | S14: 7.97 | T14: 0.7 | U14: =ROUND(MIN(20,MAX(0,K14/0.45*20))+MIN(15,MAX(0,(I14-5)/7*15))+MIN(15,MAX(0,N14/6*15))+MIN(15,MAX(0,G14/80*15))+MIN(15,MAX(0,F14/120*15))+MIN(10,MAX(0,(J14-6)/5*10))+MIN(10,MAX(0,Q14/90*10)),1) -> 93 | V14: =ROUND(MIN(25,MAX(0,L14/10*25))+MIN(25,MAX(0,(1-M14/5)*25))+MIN(20,MAX(0,P14/78*20))+MIN(15,MAX(0,(J14-6)/5*15))+MIN(10,MAX(0,(MAX(0,2.5-O14)/2.5)*10))+IF(ISNUMBER(X14),MAX(0,5-((INT(X14)-1)*32+ROUND(MOD(X14,1)*100,0))*0.02),IF(LOWER(X14)="UDFA",0.5,3)),1) -> 72.1 | W14: 24 | X14: 6.18 | Y14: PHI | Z14: =MAX(0,IFERROR(VLOOKUP(Y14,$AC$2:$AD$34,2,FALSE()),0)) -> 1.64 | AA14: =IF(AND(LOWER(X14)="udfa",OR(Y14="N/A",Y14="")),-999,INT(MIN(96.9,(IF((IF(ISNUMBER(X14),12*EXP(-0.0179*((INT(X14)-1)*32+ROUND(MOD(X14,1)*100,0)-1)),IF(LOWER(X14)="UDFA",0.3,0))+IF(C14>=76,8,IF(C14>=74,6,IF(C14>=73,3,IF(C14>=72,0,IF(C14>=71,-4,-8)))))+(MIN(25.5,MAX(0,K14/0.45*25.5))+MIN(17,MAX(0,I14/9.5*17))+MIN(12,MAX(0,N14/6*12))+MIN(11.5,MIN(10,MAX(0,G14/70*10))+MIN(3.75,MAX(0,H14/0.8*3.75)))+MIN(10.25,MAX(0,J14/8*10.25))+MIN(7.5,MAX(0,L14/7*7.5))+MIN(7.5,MAX(0,Q14/90*7.5))+MIN(6.25,MAX(0,P14/78*6.25))-MIN(8,MAX(0,(MAX(0,O14-2)/2)*8))-MIN(8,MAX(0,IF(M14<=1.5,0,IF(M14<=2.5,(M14-1.5)*4,4+(M14-2.5)*8))))-MIN(5,MAX(0,(MAX(0,S14-5)/3)*5))-MIN(3,MAX(0,(MAX(0,R14-2.9)/0.5)*3)))*T14-MAX(0,(W14-22)*3.5))>60,60+SQRT((IF(ISNUMBER(X14),12*EXP(-0.0179*((INT(X14)-1)*32+ROUND(MOD(X14,1)*100,0)-1)),IF(LOWER(X14)="UDFA",0.3,0))+IF(C14>=76,8,IF(C14>=74,6,IF(C14>=73,3,IF(C14>=72,0,IF(C14>=71,-4,-8)))))+(MIN(25.5,MAX(0,K14/0.45*25.5))+MIN(17,MAX(0,I14/9.5*17))+MIN(12,MAX(0,N14/6*12))+MIN(11.5,MIN(10,MAX(0,G14/70*10))+MIN(3.75,MAX(0,H14/0.8*3.75)))+MIN(10.25,MAX(0,J14/8*10.25))+MIN(7.5,MAX(0,L14/7*7.5))+MIN(7.5,MAX(0,Q14/90*7.5))+MIN(6.25,MAX(0,P14/78*6.25))-MIN(8,MAX(0,(MAX(0,O14-2)/2)*8))-MIN(8,MAX(0,IF(M14<=1.5,0,IF(M14<=2.5,(M14-1.5)*4,4+(M14-2.5)*8))))-MIN(5,MAX(0,(MAX(0,S14-5)/3)*5))-MIN(3,MAX(0,(MAX(0,R14-2.9)/0.5)*3)))*T14-MAX(0,(W14-22)*3.5))-60)*5,(IF(ISNUMBER(X14),12*EXP(-0.0179*((INT(X14)-1)*32+ROUND(MOD(X14,1)*100,0)-1)),IF(LOWER(X14)="UDFA",0.3,0))+IF(C14>=76,8,IF(C14>=74,6,IF(C14>=73,3,IF(C14>=72,0,IF(C14>=71,-4,-8)))))+(MIN(25.5,MAX(0,K14/0.45*25.5))+MIN(17,MAX(0,I14/9.5*17))+MIN(12,MAX(0,N14/6*12))+MIN(11.5,MIN(10,MAX(0,G14/70*10))+MIN(3.75,MAX(0,H14/0.8*3.75)))+MIN(10.25,MAX(0,J14/8*10.25))+MIN(7.5,MAX(0,L14/7*7.5))+MIN(7.5,MAX(0,Q14/90*7.5))+MIN(6.25,MAX(0,P14/78*6.25))-MIN(8,MAX(0,(MAX(0,O14-2)/2)*8))-MIN(8,MAX(0,IF(M14<=1.5,0,IF(M14<=2.5,(M14-1.5)*4,4+(M14-2.5)*8))))-MIN(5,MAX(0,(MAX(0,S14-5)/3)*5))-MIN(3,MAX(0,(MAX(0,R14-2.9)/0.5)*3)))*T14-MAX(0,(W14-22)*3.5))))*0.98)+Z14)) -> 66 | AB14: =IF(AA14=-999,"",IF(AA14>=92,"Franchise QB",IF(AA14>=88,"High-end Starter",IF(AA14>=84,"Developmental Starter",IF(AA14>=71,"Backup / Camp QB",IF(AA14>=58,"Deep Stash","Cut")))))) -> Deep Stash | AC14: HOU | AD14: 0.02
B15: Garrett Nussmeier (LSU) | C15: 74 | D15: 203 | E15: 4.82 | F15: =ROUND((D15*200)/(E15^4)*(C15/75),2) -> 74.22 | G15: 7.14 | H15: 0.18 | I15: 7.14 | J15: 6.91 | K15: 0.2 | L15: 5.04 | M15: 2.09 | N15: 4.628 | O15: 3.064 | P15: 73.516 | Q15: 79.54 | R15: 2.602 | S15: 3.454 | T15: 1 | U15: =ROUND(MIN(20,MAX(0,K15/0.45*20))+MIN(15,MAX(0,(I15-5)/7*15))+MIN(15,MAX(0,N15/6*15))+MIN(15,MAX(0,G15/80*15))+MIN(15,MAX(0,F15/120*15))+MIN(10,MAX(0,(J15-6)/5*10))+MIN(10,MAX(0,Q15/90*10)),1) -> 46.3 | V15: =ROUND(MIN(25,MAX(0,L15/10*25))+MIN(25,MAX(0,(1-M15/5)*25))+MIN(20,MAX(0,P15/78*20))+MIN(15,MAX(0,(J15-6)/5*15))+MIN(10,MAX(0,(MAX(0,2.5-O15)/2.5)*10))+IF(ISNUMBER(X15),MAX(0,5-((INT(X15)-1)*32+ROUND(MOD(X15,1)*100,0))*0.02),IF(LOWER(X15)="UDFA",0.5,3)),1) -> 48.8 | W15: 22 | X15: 7.57 | Y15: KC | Z15: =MAX(0,IFERROR(VLOOKUP(Y15,$AC$2:$AD$34,2,FALSE()),0)) -> 1.21 | AA15: =IF(AND(LOWER(X15)="udfa",OR(Y15="N/A",Y15="")),-999,INT(MIN(96.9,(IF((IF(ISNUMBER(X15),12*EXP(-0.0179*((INT(X15)-1)*32+ROUND(MOD(X15,1)*100,0)-1)),IF(LOWER(X15)="UDFA",0.3,0))+IF(C15>=76,8,IF(C15>=74,6,IF(C15>=73,3,IF(C15>=72,0,IF(C15>=71,-4,-8)))))+(MIN(25.5,MAX(0,K15/0.45*25.5))+MIN(17,MAX(0,I15/9.5*17))+MIN(12,MAX(0,N15/6*12))+MIN(11.5,MIN(10,MAX(0,G15/70*10))+MIN(3.75,MAX(0,H15/0.8*3.75)))+MIN(10.25,MAX(0,J15/8*10.25))+MIN(7.5,MAX(0,L15/7*7.5))+MIN(7.5,MAX(0,Q15/90*7.5))+MIN(6.25,MAX(0,P15/78*6.25))-MIN(8,MAX(0,(MAX(0,O15-2)/2)*8))-MIN(8,MAX(0,IF(M15<=1.5,0,IF(M15<=2.5,(M15-1.5)*4,4+(M15-2.5)*8))))-MIN(5,MAX(0,(MAX(0,S15-5)/3)*5))-MIN(3,MAX(0,(MAX(0,R15-2.9)/0.5)*3)))*T15-MAX(0,(W15-22)*3.5))>60,60+SQRT((IF(ISNUMBER(X15),12*EXP(-0.0179*((INT(X15)-1)*32+ROUND(MOD(X15,1)*100,0)-1)),IF(LOWER(X15)="UDFA",0.3,0))+IF(C15>=76,8,IF(C15>=74,6,IF(C15>=73,3,IF(C15>=72,0,IF(C15>=71,-4,-8)))))+(MIN(25.5,MAX(0,K15/0.45*25.5))+MIN(17,MAX(0,I15/9.5*17))+MIN(12,MAX(0,N15/6*12))+MIN(11.5,MIN(10,MAX(0,G15/70*10))+MIN(3.75,MAX(0,H15/0.8*3.75)))+MIN(10.25,MAX(0,J15/8*10.25))+MIN(7.5,MAX(0,L15/7*7.5))+MIN(7.5,MAX(0,Q15/90*7.5))+MIN(6.25,MAX(0,P15/78*6.25))-MIN(8,MAX(0,(MAX(0,O15-2)/2)*8))-MIN(8,MAX(0,IF(M15<=1.5,0,IF(M15<=2.5,(M15-1.5)*4,4+(M15-2.5)*8))))-MIN(5,MAX(0,(MAX(0,S15-5)/3)*5))-MIN(3,MAX(0,(MAX(0,R15-2.9)/0.5)*3)))*T15-MAX(0,(W15-22)*3.5))-60)*5,(IF(ISNUMBER(X15),12*EXP(-0.0179*((INT(X15)-1)*32+ROUND(MOD(X15,1)*100,0)-1)),IF(LOWER(X15)="UDFA",0.3,0))+IF(C15>=76,8,IF(C15>=74,6,IF(C15>=73,3,IF(C15>=72,0,IF(C15>=71,-4,-8)))))+(MIN(25.5,MAX(0,K15/0.45*25.5))+MIN(17,MAX(0,I15/9.5*17))+MIN(12,MAX(0,N15/6*12))+MIN(11.5,MIN(10,MAX(0,G15/70*10))+MIN(3.75,MAX(0,H15/0.8*3.75)))+MIN(10.25,MAX(0,J15/8*10.25))+MIN(7.5,MAX(0,L15/7*7.5))+MIN(7.5,MAX(0,Q15/90*7.5))+MIN(6.25,MAX(0,P15/78*6.25))-MIN(8,MAX(0,(MAX(0,O15-2)/2)*8))-MIN(8,MAX(0,IF(M15<=1.5,0,IF(M15<=2.5,(M15-1.5)*4,4+(M15-2.5)*8))))-MIN(5,MAX(0,(MAX(0,S15-5)/3)*5))-MIN(3,MAX(0,(MAX(0,R15-2.9)/0.5)*3)))*T15-MAX(0,(W15-22)*3.5))))*0.98)+Z15)) -> 66 | AB15: =IF(AA15=-999,"",IF(AA15>=92,"Franchise QB",IF(AA15>=88,"High-end Starter",IF(AA15>=84,"Developmental Starter",IF(AA15>=71,"Backup / Camp QB",IF(AA15>=58,"Deep Stash","Cut")))))) -> Deep Stash | AC15: IND | AD15: 1.5
B16: Jalon Daniels (Kansas) | C16: 73 | D16: 219 | E16: 4.65 | F16: =ROUND((D16*200)/(E16^4)*(C16/75),2) -> 91.19 | G16: 43.33 | H16: 0.42 | I16: 7.46 | J16: 7.08 | K16: 0.376 | L16: 5.79 | M16: 3.05 | N16: 6.207 | O16: 4.09 | P16: 69.232 | Q16: 72.285 | R16: 2.975 | S16: 3.961 | T16: 1 | U16: =ROUND(MIN(20,MAX(0,K16/0.45*20))+MIN(15,MAX(0,(I16-5)/7*15))+MIN(15,MAX(0,N16/6*15))+MIN(15,MAX(0,G16/80*15))+MIN(15,MAX(0,F16/120*15))+MIN(10,MAX(0,(J16-6)/5*10))+MIN(10,MAX(0,Q16/90*10)),1) -> 66.7 | V16: =ROUND(MIN(25,MAX(0,L16/10*25))+MIN(25,MAX(0,(1-M16/5)*25))+MIN(20,MAX(0,P16/78*20))+MIN(15,MAX(0,(J16-6)/5*15))+MIN(10,MAX(0,(MAX(0,2.5-O16)/2.5)*10))+IF(ISNUMBER(X16),MAX(0,5-((INT(X16)-1)*32+ROUND(MOD(X16,1)*100,0))*0.02),IF(LOWER(X16)="UDFA",0.5,3)),1) -> 45.7 | W16: 24 | X16: UDFA | Y16: TB | Z16: =MAX(0,IFERROR(VLOOKUP(Y16,$AC$2:$AD$34,2,FALSE()),0)) -> 1.45 | AA16: =IF(AND(LOWER(X16)="udfa",OR(Y16="N/A",Y16="")),-999,INT(MIN(96.9,(IF((IF(ISNUMBER(X16),12*EXP(-0.0179*((INT(X16)-1)*32+ROUND(MOD(X16,1)*100,0)-1)),IF(LOWER(X16)="UDFA",0.3,0))+IF(C16>=76,8,IF(C16>=74,6,IF(C16>=73,3,IF(C16>=72,0,IF(C16>=71,-4,-8)))))+(MIN(25.5,MAX(0,K16/0.45*25.5))+MIN(17,MAX(0,I16/9.5*17))+MIN(12,MAX(0,N16/6*12))+MIN(11.5,MIN(10,MAX(0,G16/70*10))+MIN(3.75,MAX(0,H16/0.8*3.75)))+MIN(10.25,MAX(0,J16/8*10.25))+MIN(7.5,MAX(0,L16/7*7.5))+MIN(7.5,MAX(0,Q16/90*7.5))+MIN(6.25,MAX(0,P16/78*6.25))-MIN(8,MAX(0,(MAX(0,O16-2)/2)*8))-MIN(8,MAX(0,IF(M16<=1.5,0,IF(M16<=2.5,(M16-1.5)*4,4+(M16-2.5)*8))))-MIN(5,MAX(0,(MAX(0,S16-5)/3)*5))-MIN(3,MAX(0,(MAX(0,R16-2.9)/0.5)*3)))*T16-MAX(0,(W16-22)*3.5))>60,60+SQRT((IF(ISNUMBER(X16),12*EXP(-0.0179*((INT(X16)-1)*32+ROUND(MOD(X16,1)*100,0)-1)),IF(LOWER(X16)="UDFA",0.3,0))+IF(C16>=76,8,IF(C16>=74,6,IF(C16>=73,3,IF(C16>=72,0,IF(C16>=71,-4,-8)))))+(MIN(25.5,MAX(0,K16/0.45*25.5))+MIN(17,MAX(0,I16/9.5*17))+MIN(12,MAX(0,N16/6*12))+MIN(11.5,MIN(10,MAX(0,G16/70*10))+MIN(3.75,MAX(0,H16/0.8*3.75)))+MIN(10.25,MAX(0,J16/8*10.25))+MIN(7.5,MAX(0,L16/7*7.5))+MIN(7.5,MAX(0,Q16/90*7.5))+MIN(6.25,MAX(0,P16/78*6.25))-MIN(8,MAX(0,(MAX(0,O16-2)/2)*8))-MIN(8,MAX(0,IF(M16<=1.5,0,IF(M16<=2.5,(M16-1.5)*4,4+(M16-2.5)*8))))-MIN(5,MAX(0,(MAX(0,S16-5)/3)*5))-MIN(3,MAX(0,(MAX(0,R16-2.9)/0.5)*3)))*T16-MAX(0,(W16-22)*3.5))-60)*5,(IF(ISNUMBER(X16),12*EXP(-0.0179*((INT(X16)-1)*32+ROUND(MOD(X16,1)*100,0)-1)),IF(LOWER(X16)="UDFA",0.3,0))+IF(C16>=76,8,IF(C16>=74,6,IF(C16>=73,3,IF(C16>=72,0,IF(C16>=71,-4,-8)))))+(MIN(25.5,MAX(0,K16/0.45*25.5))+MIN(17,MAX(0,I16/9.5*17))+MIN(12,MAX(0,N16/6*12))+MIN(11.5,MIN(10,MAX(0,G16/70*10))+MIN(3.75,MAX(0,H16/0.8*3.75)))+MIN(10.25,MAX(0,J16/8*10.25))+MIN(7.5,MAX(0,L16/7*7.5))+MIN(7.5,MAX(0,Q16/90*7.5))+MIN(6.25,MAX(0,P16/78*6.25))-MIN(8,MAX(0,(MAX(0,O16-2)/2)*8))-MIN(8,MAX(0,IF(M16<=1.5,0,IF(M16<=2.5,(M16-1.5)*4,4+(M16-2.5)*8))))-MIN(5,MAX(0,(MAX(0,S16-5)/3)*5))-MIN(3,MAX(0,(MAX(0,R16-2.9)/0.5)*3)))*T16-MAX(0,(W16-22)*3.5))))*0.98)+Z16)) -> 66 | AB16: =IF(AA16=-999,"",IF(AA16>=92,"Franchise QB",IF(AA16>=88,"High-end Starter",IF(AA16>=84,"Developmental Starter",IF(AA16>=71,"Backup / Camp QB",IF(AA16>=58,"Deep Stash","Cut")))))) -> Deep Stash | AC16: JAC | AD16: 0.43
B17: Sawyer Robertson (Baylor) | C17: 76 | D17: 216 | E17: 4.64 | F17: =ROUND((D17*200)/(E17^4)*(C17/75),2) -> 94.44 | G17: 20.46 | H17: 0.29 | I17: 7.73 | J17: 7.07 | K17: 0.252 | L17: 6.77 | M17: 2.3 | N17: 4.257 | O17: 3.6 | P17: 67.873 | Q17: 70.462 | R17: 2.547 | S17: 3.9 | T17: 1 | U17: =ROUND(MIN(20,MAX(0,K17/0.45*20))+MIN(15,MAX(0,(I17-5)/7*15))+MIN(15,MAX(0,N17/6*15))+MIN(15,MAX(0,G17/80*15))+MIN(15,MAX(0,F17/120*15))+MIN(10,MAX(0,(J17-6)/5*10))+MIN(10,MAX(0,Q17/90*10)),1) -> 53.3 | V17: =ROUND(MIN(25,MAX(0,L17/10*25))+MIN(25,MAX(0,(1-M17/5)*25))+MIN(20,MAX(0,P17/78*20))+MIN(15,MAX(0,(J17-6)/5*15))+MIN(10,MAX(0,(MAX(0,2.5-O17)/2.5)*10))+IF(ISNUMBER(X17),MAX(0,5-((INT(X17)-1)*32+ROUND(MOD(X17,1)*100,0))*0.02),IF(LOWER(X17)="UDFA",0.5,3)),1) -> 51.5 | W17: 25 | X17: UDFA | Y17: LV | Z17: =MAX(0,IFERROR(VLOOKUP(Y17,$AC$2:$AD$34,2,FALSE()),0)) -> 0.5 | AA17: =IF(AND(LOWER(X17)="udfa",OR(Y17="N/A",Y17="")),-999,INT(MIN(96.9,(IF((IF(ISNUMBER(X17),12*EXP(-0.0179*((INT(X17)-1)*32+ROUND(MOD(X17,1)*100,0)-1)),IF(LOWER(X17)="UDFA",0.3,0))+IF(C17>=76,8,IF(C17>=74,6,IF(C17>=73,3,IF(C17>=72,0,IF(C17>=71,-4,-8)))))+(MIN(25.5,MAX(0,K17/0.45*25.5))+MIN(17,MAX(0,I17/9.5*17))+MIN(12,MAX(0,N17/6*12))+MIN(11.5,MIN(10,MAX(0,G17/70*10))+MIN(3.75,MAX(0,H17/0.8*3.75)))+MIN(10.25,MAX(0,J17/8*10.25))+MIN(7.5,MAX(0,L17/7*7.5))+MIN(7.5,MAX(0,Q17/90*7.5))+MIN(6.25,MAX(0,P17/78*6.25))-MIN(8,MAX(0,(MAX(0,O17-2)/2)*8))-MIN(8,MAX(0,IF(M17<=1.5,0,IF(M17<=2.5,(M17-1.5)*4,4+(M17-2.5)*8))))-MIN(5,MAX(0,(MAX(0,S17-5)/3)*5))-MIN(3,MAX(0,(MAX(0,R17-2.9)/0.5)*3)))*T17-MAX(0,(W17-22)*3.5))>60,60+SQRT((IF(ISNUMBER(X17),12*EXP(-0.0179*((INT(X17)-1)*32+ROUND(MOD(X17,1)*100,0)-1)),IF(LOWER(X17)="UDFA",0.3,0))+IF(C17>=76,8,IF(C17>=74,6,IF(C17>=73,3,IF(C17>=72,0,IF(C17>=71,-4,-8)))))+(MIN(25.5,MAX(0,K17/0.45*25.5))+MIN(17,MAX(0,I17/9.5*17))+MIN(12,MAX(0,N17/6*12))+MIN(11.5,MIN(10,MAX(0,G17/70*10))+MIN(3.75,MAX(0,H17/0.8*3.75)))+MIN(10.25,MAX(0,J17/8*10.25))+MIN(7.5,MAX(0,L17/7*7.5))+MIN(7.5,MAX(0,Q17/90*7.5))+MIN(6.25,MAX(0,P17/78*6.25))-MIN(8,MAX(0,(MAX(0,O17-2)/2)*8))-MIN(8,MAX(0,IF(M17<=1.5,0,IF(M17<=2.5,(M17-1.5)*4,4+(M17-2.5)*8))))-MIN(5,MAX(0,(MAX(0,S17-5)/3)*5))-MIN(3,MAX(0,(MAX(0,R17-2.9)/0.5)*3)))*T17-MAX(0,(W17-22)*3.5))-60)*5,(IF(ISNUMBER(X17),12*EXP(-0.0179*((INT(X17)-1)*32+ROUND(MOD(X17,1)*100,0)-1)),IF(LOWER(X17)="UDFA",0.3,0))+IF(C17>=76,8,IF(C17>=74,6,IF(C17>=73,3,IF(C17>=72,0,IF(C17>=71,-4,-8)))))+(MIN(25.5,MAX(0,K17/0.45*25.5))+MIN(17,MAX(0,I17/9.5*17))+MIN(12,MAX(0,N17/6*12))+MIN(11.5,MIN(10,MAX(0,G17/70*10))+MIN(3.75,MAX(0,H17/0.8*3.75)))+MIN(10.25,MAX(0,J17/8*10.25))+MIN(7.5,MAX(0,L17/7*7.5))+MIN(7.5,MAX(0,Q17/90*7.5))+MIN(6.25,MAX(0,P17/78*6.25))-MIN(8,MAX(0,(MAX(0,O17-2)/2)*8))-MIN(8,MAX(0,IF(M17<=1.5,0,IF(M17<=2.5,(M17-1.5)*4,4+(M17-2.5)*8))))-MIN(5,MAX(0,(MAX(0,S17-5)/3)*5))-MIN(3,MAX(0,(MAX(0,R17-2.9)/0.5)*3)))*T17-MAX(0,(W17-22)*3.5))))*0.98)+Z17)) -> 56 | AB17: =IF(AA17=-999,"",IF(AA17>=92,"Franchise QB",IF(AA17>=88,"High-end Starter",IF(AA17>=84,"Developmental Starter",IF(AA17>=71,"Backup / Camp QB",IF(AA17>=58,"Deep Stash","Cut")))))) -> Cut | AC17: JAX | AD17: 0.43
B18: Miller Moss (Louisville) | C18: 74 | D18: 210 | E18: 4.9 | F18: =ROUND((D18*200)/(E18^4)*(C18/75),2) -> 71.88 | G18: 6.05 | H18: 0.52 | I18: 6.67 | J18: 6.61 | K18: 0.126 | L18: 4.55 | M18: 2.14 | N18: 3.558 | O18: 3.733 | P18: 72.293 | Q18: 69.058 | R18: 2.606 | S18: 3.929 | T18: 1 | U18: =ROUND(MIN(20,MAX(0,K18/0.45*20))+MIN(15,MAX(0,(I18-5)/7*15))+MIN(15,MAX(0,N18/6*15))+MIN(15,MAX(0,G18/80*15))+MIN(15,MAX(0,F18/120*15))+MIN(10,MAX(0,(J18-6)/5*10))+MIN(10,MAX(0,Q18/90*10)),1) -> 37.1 | V18: =ROUND(MIN(25,MAX(0,L18/10*25))+MIN(25,MAX(0,(1-M18/5)*25))+MIN(20,MAX(0,P18/78*20))+MIN(15,MAX(0,(J18-6)/5*15))+MIN(10,MAX(0,(MAX(0,2.5-O18)/2.5)*10))+IF(ISNUMBER(X18),MAX(0,5-((INT(X18)-1)*32+ROUND(MOD(X18,1)*100,0))*0.02),IF(LOWER(X18)="UDFA",0.5,3)),1) -> 46.5 | W18: 24 | X18: UDFA | Y18: CHI | Z18: =MAX(0,IFERROR(VLOOKUP(Y18,$AC$2:$AD$34,2,FALSE()),0)) -> 1.52 | AA18: =IF(AND(LOWER(X18)="udfa",OR(Y18="N/A",Y18="")),-999,INT(MIN(96.9,(IF((IF(ISNUMBER(X18),12*EXP(-0.0179*((INT(X18)-1)*32+ROUND(MOD(X18,1)*100,0)-1)),IF(LOWER(X18)="UDFA",0.3,0))+IF(C18>=76,8,IF(C18>=74,6,IF(C18>=73,3,IF(C18>=72,0,IF(C18>=71,-4,-8)))))+(MIN(25.5,MAX(0,K18/0.45*25.5))+MIN(17,MAX(0,I18/9.5*17))+MIN(12,MAX(0,N18/6*12))+MIN(11.5,MIN(10,MAX(0,G18/70*10))+MIN(3.75,MAX(0,H18/0.8*3.75)))+MIN(10.25,MAX(0,J18/8*10.25))+MIN(7.5,MAX(0,L18/7*7.5))+MIN(7.5,MAX(0,Q18/90*7.5))+MIN(6.25,MAX(0,P18/78*6.25))-MIN(8,MAX(0,(MAX(0,O18-2)/2)*8))-MIN(8,MAX(0,IF(M18<=1.5,0,IF(M18<=2.5,(M18-1.5)*4,4+(M18-2.5)*8))))-MIN(5,MAX(0,(MAX(0,S18-5)/3)*5))-MIN(3,MAX(0,(MAX(0,R18-2.9)/0.5)*3)))*T18-MAX(0,(W18-22)*3.5))>60,60+SQRT((IF(ISNUMBER(X18),12*EXP(-0.0179*((INT(X18)-1)*32+ROUND(MOD(X18,1)*100,0)-1)),IF(LOWER(X18)="UDFA",0.3,0))+IF(C18>=76,8,IF(C18>=74,6,IF(C18>=73,3,IF(C18>=72,0,IF(C18>=71,-4,-8)))))+(MIN(25.5,MAX(0,K18/0.45*25.5))+MIN(17,MAX(0,I18/9.5*17))+MIN(12,MAX(0,N18/6*12))+MIN(11.5,MIN(10,MAX(0,G18/70*10))+MIN(3.75,MAX(0,H18/0.8*3.75)))+MIN(10.25,MAX(0,J18/8*10.25))+MIN(7.5,MAX(0,L18/7*7.5))+MIN(7.5,MAX(0,Q18/90*7.5))+MIN(6.25,MAX(0,P18/78*6.25))-MIN(8,MAX(0,(MAX(0,O18-2)/2)*8))-MIN(8,MAX(0,IF(M18<=1.5,0,IF(M18<=2.5,(M18-1.5)*4,4+(M18-2.5)*8))))-MIN(5,MAX(0,(MAX(0,S18-5)/3)*5))-MIN(3,MAX(0,(MAX(0,R18-2.9)/0.5)*3)))*T18-MAX(0,(W18-22)*3.5))-60)*5,(IF(ISNUMBER(X18),12*EXP(-0.0179*((INT(X18)-1)*32+ROUND(MOD(X18,1)*100,0)-1)),IF(LOWER(X18)="UDFA",0.3,0))+IF(C18>=76,8,IF(C18>=74,6,IF(C18>=73,3,IF(C18>=72,0,IF(C18>=71,-4,-8)))))+(MIN(25.5,MAX(0,K18/0.45*25.5))+MIN(17,MAX(0,I18/9.5*17))+MIN(12,MAX(0,N18/6*12))+MIN(11.5,MIN(10,MAX(0,G18/70*10))+MIN(3.75,MAX(0,H18/0.8*3.75)))+MIN(10.25,MAX(0,J18/8*10.25))+MIN(7.5,MAX(0,L18/7*7.5))+MIN(7.5,MAX(0,Q18/90*7.5))+MIN(6.25,MAX(0,P18/78*6.25))-MIN(8,MAX(0,(MAX(0,O18-2)/2)*8))-MIN(8,MAX(0,IF(M18<=1.5,0,IF(M18<=2.5,(M18-1.5)*4,4+(M18-2.5)*8))))-MIN(5,MAX(0,(MAX(0,S18-5)/3)*5))-MIN(3,MAX(0,(MAX(0,R18-2.9)/0.5)*3)))*T18-MAX(0,(W18-22)*3.5))))*0.98)+Z18)) -> 44 | AB18: =IF(AA18=-999,"",IF(AA18>=92,"Franchise QB",IF(AA18>=88,"High-end Starter",IF(AA18>=84,"Developmental Starter",IF(AA18>=71,"Backup / Camp QB",IF(AA18>=58,"Deep Stash","Cut")))))) -> Cut | AC18: KC | AD18: 1.21
B19: Kyron Drones (Virginia Tech) | C19: 73 | D19: 233 | E19: 4.65 | F19: =ROUND((D19*200)/(E19^4)*(C19/75),2) -> 97.01 | G19: 58.81 | H19: 0.71 | I19: 5.8 | J19: 5.44 | K19: 0.131 | L19: 4.98 | M19: 2.77 | N19: 4.221 | O19: 4.182 | P19: 69.591 | Q19: 65.978 | R19: 3.082 | S19: 5.943 | T19: 1 | U19: =ROUND(MIN(20,MAX(0,K19/0.45*20))+MIN(15,MAX(0,(I19-5)/7*15))+MIN(15,MAX(0,N19/6*15))+MIN(15,MAX(0,G19/80*15))+MIN(15,MAX(0,F19/120*15))+MIN(10,MAX(0,(J19-6)/5*10))+MIN(10,MAX(0,Q19/90*10)),1) -> 48.6 | V19: =ROUND(MIN(25,MAX(0,L19/10*25))+MIN(25,MAX(0,(1-M19/5)*25))+MIN(20,MAX(0,P19/78*20))+MIN(15,MAX(0,(J19-6)/5*15))+MIN(10,MAX(0,(MAX(0,2.5-O19)/2.5)*10))+IF(ISNUMBER(X19),MAX(0,5-((INT(X19)-1)*32+ROUND(MOD(X19,1)*100,0))*0.02),IF(LOWER(X19)="UDFA",0.5,3)),1) -> 41.9 | W19: 24 | X19: UDFA | Y19: GB | Z19: =MAX(0,IFERROR(VLOOKUP(Y19,$AC$2:$AD$34,2,FALSE()),0)) -> 1.16 | AA19: =IF(AND(LOWER(X19)="udfa",OR(Y19="N/A",Y19="")),-999,INT(MIN(96.9,(IF((IF(ISNUMBER(X19),12*EXP(-0.0179*((INT(X19)-1)*32+ROUND(MOD(X19,1)*100,0)-1)),IF(LOWER(X19)="UDFA",0.3,0))+IF(C19>=76,8,IF(C19>=74,6,IF(C19>=73,3,IF(C19>=72,0,IF(C19>=71,-4,-8)))))+(MIN(25.5,MAX(0,K19/0.45*25.5))+MIN(17,MAX(0,I19/9.5*17))+MIN(12,MAX(0,N19/6*12))+MIN(11.5,MIN(10,MAX(0,G19/70*10))+MIN(3.75,MAX(0,H19/0.8*3.75)))+MIN(10.25,MAX(0,J19/8*10.25))+MIN(7.5,MAX(0,L19/7*7.5))+MIN(7.5,MAX(0,Q19/90*7.5))+MIN(6.25,MAX(0,P19/78*6.25))-MIN(8,MAX(0,(MAX(0,O19-2)/2)*8))-MIN(8,MAX(0,IF(M19<=1.5,0,IF(M19<=2.5,(M19-1.5)*4,4+(M19-2.5)*8))))-MIN(5,MAX(0,(MAX(0,S19-5)/3)*5))-MIN(3,MAX(0,(MAX(0,R19-2.9)/0.5)*3)))*T19-MAX(0,(W19-22)*3.5))>60,60+SQRT((IF(ISNUMBER(X19),12*EXP(-0.0179*((INT(X19)-1)*32+ROUND(MOD(X19,1)*100,0)-1)),IF(LOWER(X19)="UDFA",0.3,0))+IF(C19>=76,8,IF(C19>=74,6,IF(C19>=73,3,IF(C19>=72,0,IF(C19>=71,-4,-8)))))+(MIN(25.5,MAX(0,K19/0.45*25.5))+MIN(17,MAX(0,I19/9.5*17))+MIN(12,MAX(0,N19/6*12))+MIN(11.5,MIN(10,MAX(0,G19/70*10))+MIN(3.75,MAX(0,H19/0.8*3.75)))+MIN(10.25,MAX(0,J19/8*10.25))+MIN(7.5,MAX(0,L19/7*7.5))+MIN(7.5,MAX(0,Q19/90*7.5))+MIN(6.25,MAX(0,P19/78*6.25))-MIN(8,MAX(0,(MAX(0,O19-2)/2)*8))-MIN(8,MAX(0,IF(M19<=1.5,0,IF(M19<=2.5,(M19-1.5)*4,4+(M19-2.5)*8))))-MIN(5,MAX(0,(MAX(0,S19-5)/3)*5))-MIN(3,MAX(0,(MAX(0,R19-2.9)/0.5)*3)))*T19-MAX(0,(W19-22)*3.5))-60)*5,(IF(ISNUMBER(X19),12*EXP(-0.0179*((INT(X19)-1)*32+ROUND(MOD(X19,1)*100,0)-1)),IF(LOWER(X19)="UDFA",0.3,0))+IF(C19>=76,8,IF(C19>=74,6,IF(C19>=73,3,IF(C19>=72,0,IF(C19>=71,-4,-8)))))+(MIN(25.5,MAX(0,K19/0.45*25.5))+MIN(17,MAX(0,I19/9.5*17))+MIN(12,MAX(0,N19/6*12))+MIN(11.5,MIN(10,MAX(0,G19/70*10))+MIN(3.75,MAX(0,H19/0.8*3.75)))+MIN(10.25,MAX(0,J19/8*10.25))+MIN(7.5,MAX(0,L19/7*7.5))+MIN(7.5,MAX(0,Q19/90*7.5))+MIN(6.25,MAX(0,P19/78*6.25))-MIN(8,MAX(0,(MAX(0,O19-2)/2)*8))-MIN(8,MAX(0,IF(M19<=1.5,0,IF(M19<=2.5,(M19-1.5)*4,4+(M19-2.5)*8))))-MIN(5,MAX(0,(MAX(0,S19-5)/3)*5))-MIN(3,MAX(0,(MAX(0,R19-2.9)/0.5)*3)))*T19-MAX(0,(W19-22)*3.5))))*0.98)+Z19)) -> 40 | AB19: =IF(AA19=-999,"",IF(AA19>=92,"Franchise QB",IF(AA19>=88,"High-end Starter",IF(AA19>=84,"Developmental Starter",IF(AA19>=71,"Backup / Camp QB",IF(AA19>=58,"Deep Stash","Cut")))))) -> Cut | AC19: LAC | AD19: 1.34
B20: Mark Gronowksi (Iowa) | C20: 74 | D20: 234 | E20: 4.65 | F20: =ROUND((D20*200)/(E20^4)*(C20/75),2) -> 98.77 | G20: 41.9 | H20: 1.23 | I20: 4.65 | J20: 5.15 | K20: 0.13 | L20: 3.82 | M20: 2.67 | N20: 2.5 | O20: 2.7 | P20: 63.4 | Q20: 70.7 | R20: 3.15 | S20: 7.1 | T20: 0.88 | U20: =ROUND(MIN(20,MAX(0,K20/0.45*20))+MIN(15,MAX(0,(I20-5)/7*15))+MIN(15,MAX(0,N20/6*15))+MIN(15,MAX(0,G20/80*15))+MIN(15,MAX(0,F20/120*15))+MIN(10,MAX(0,(J20-6)/5*10))+MIN(10,MAX(0,Q20/90*10)),1) -> 40.1 | V20: =ROUND(MIN(25,MAX(0,L20/10*25))+MIN(25,MAX(0,(1-M20/5)*25))+MIN(20,MAX(0,P20/78*20))+MIN(15,MAX(0,(J20-6)/5*15))+MIN(10,MAX(0,(MAX(0,2.5-O20)/2.5)*10))+IF(ISNUMBER(X20),MAX(0,5-((INT(X20)-1)*32+ROUND(MOD(X20,1)*100,0))*0.02),IF(LOWER(X20)="UDFA",0.5,3)),1) -> 38 | W20: 24 | X20: UDFA | Y20: MIA | Z20: =MAX(0,IFERROR(VLOOKUP(Y20,$AC$2:$AD$34,2,FALSE()),0)) -> 1.22 | AA20: =IF(AND(LOWER(X20)="udfa",OR(Y20="N/A",Y20="")),-999,INT(MIN(96.9,(IF((IF(ISNUMBER(X20),12*EXP(-0.0179*((INT(X20)-1)*32+ROUND(MOD(X20,1)*100,0)-1)),IF(LOWER(X20)="UDFA",0.3,0))+IF(C20>=76,8,IF(C20>=74,6,IF(C20>=73,3,IF(C20>=72,0,IF(C20>=71,-4,-8)))))+(MIN(25.5,MAX(0,K20/0.45*25.5))+MIN(17,MAX(0,I20/9.5*17))+MIN(12,MAX(0,N20/6*12))+MIN(11.5,MIN(10,MAX(0,G20/70*10))+MIN(3.75,MAX(0,H20/0.8*3.75)))+MIN(10.25,MAX(0,J20/8*10.25))+MIN(7.5,MAX(0,L20/7*7.5))+MIN(7.5,MAX(0,Q20/90*7.5))+MIN(6.25,MAX(0,P20/78*6.25))-MIN(8,MAX(0,(MAX(0,O20-2)/2)*8))-MIN(8,MAX(0,IF(M20<=1.5,0,IF(M20<=2.5,(M20-1.5)*4,4+(M20-2.5)*8))))-MIN(5,MAX(0,(MAX(0,S20-5)/3)*5))-MIN(3,MAX(0,(MAX(0,R20-2.9)/0.5)*3)))*T20-MAX(0,(W20-22)*3.5))>60,60+SQRT((IF(ISNUMBER(X20),12*EXP(-0.0179*((INT(X20)-1)*32+ROUND(MOD(X20,1)*100,0)-1)),IF(LOWER(X20)="UDFA",0.3,0))+IF(C20>=76,8,IF(C20>=74,6,IF(C20>=73,3,IF(C20>=72,0,IF(C20>=71,-4,-8)))))+(MIN(25.5,MAX(0,K20/0.45*25.5))+MIN(17,MAX(0,I20/9.5*17))+MIN(12,MAX(0,N20/6*12))+MIN(11.5,MIN(10,MAX(0,G20/70*10))+MIN(3.75,MAX(0,H20/0.8*3.75)))+MIN(10.25,MAX(0,J20/8*10.25))+MIN(7.5,MAX(0,L20/7*7.5))+MIN(7.5,MAX(0,Q20/90*7.5))+MIN(6.25,MAX(0,P20/78*6.25))-MIN(8,MAX(0,(MAX(0,O20-2)/2)*8))-MIN(8,MAX(0,IF(M20<=1.5,0,IF(M20<=2.5,(M20-1.5)*4,4+(M20-2.5)*8))))-MIN(5,MAX(0,(MAX(0,S20-5)/3)*5))-MIN(3,MAX(0,(MAX(0,R20-2.9)/0.5)*3)))*T20-MAX(0,(W20-22)*3.5))-60)*5,(IF(ISNUMBER(X20),12*EXP(-0.0179*((INT(X20)-1)*32+ROUND(MOD(X20,1)*100,0)-1)),IF(LOWER(X20)="UDFA",0.3,0))+IF(C20>=76,8,IF(C20>=74,6,IF(C20>=73,3,IF(C20>=72,0,IF(C20>=71,-4,-8)))))+(MIN(25.5,MAX(0,K20/0.45*25.5))+MIN(17,MAX(0,I20/9.5*17))+MIN(12,MAX(0,N20/6*12))+MIN(11.5,MIN(10,MAX(0,G20/70*10))+MIN(3.75,MAX(0,H20/0.8*3.75)))+MIN(10.25,MAX(0,J20/8*10.25))+MIN(7.5,MAX(0,L20/7*7.5))+MIN(7.5,MAX(0,Q20/90*7.5))+MIN(6.25,MAX(0,P20/78*6.25))-MIN(8,MAX(0,(MAX(0,O20-2)/2)*8))-MIN(8,MAX(0,IF(M20<=1.5,0,IF(M20<=2.5,(M20-1.5)*4,4+(M20-2.5)*8))))-MIN(5,MAX(0,(MAX(0,S20-5)/3)*5))-MIN(3,MAX(0,(MAX(0,R20-2.9)/0.5)*3)))*T20-MAX(0,(W20-22)*3.5))))*0.98)+Z20)) -> 34 | AB20: =IF(AA20=-999,"",IF(AA20>=92,"Franchise QB",IF(AA20>=88,"High-end Starter",IF(AA20>=84,"Developmental Starter",IF(AA20>=71,"Backup / Camp QB",IF(AA20>=58,"Deep Stash","Cut")))))) -> Cut | AC20: LAR | AD20: 2.55
B21: Jack Strand (MSU Moorhead) | C21: 76 | D21: 245 | E21: 5.15 | F21: =ROUND((D21*200)/(E21^4)*(C21/75),2) -> 70.59 | G21: 24 | H21: 0.42 | I21: 8.25 | J21: 7.81 | K21: 0.25 | L21: 9.3 | M21: 3.1 | N21: 4 | O21: 3 | P21: 62 | Q21: 70.5 | R21: 2.9 | S21: 5 | T21: 0.55 | U21: =ROUND(MIN(20,MAX(0,K21/0.45*20))+MIN(15,MAX(0,(I21-5)/7*15))+MIN(15,MAX(0,N21/6*15))+MIN(15,MAX(0,G21/80*15))+MIN(15,MAX(0,F21/120*15))+MIN(10,MAX(0,(J21-6)/5*10))+MIN(10,MAX(0,Q21/90*10)),1) -> 52.9 | V21: =ROUND(MIN(25,MAX(0,L21/10*25))+MIN(25,MAX(0,(1-M21/5)*25))+MIN(20,MAX(0,P21/78*20))+MIN(15,MAX(0,(J21-6)/5*15))+MIN(10,MAX(0,(MAX(0,2.5-O21)/2.5)*10))+IF(ISNUMBER(X21),MAX(0,5-((INT(X21)-1)*32+ROUND(MOD(X21,1)*100,0))*0.02),IF(LOWER(X21)="UDFA",0.5,3)),1) -> 54.6 | W21: 26 | X21: UDFA | Y21: ATL | Z21: =MAX(0,IFERROR(VLOOKUP(Y21,$AC$2:$AD$34,2,FALSE()),0)) -> 1.02 | AA21: =IF(AND(LOWER(X21)="udfa",OR(Y21="N/A",Y21="")),-999,INT(MIN(96.9,(IF((IF(ISNUMBER(X21),12*EXP(-0.0179*((INT(X21)-1)*32+ROUND(MOD(X21,1)*100,0)-1)),IF(LOWER(X21)="UDFA",0.3,0))+IF(C21>=76,8,IF(C21>=74,6,IF(C21>=73,3,IF(C21>=72,0,IF(C21>=71,-4,-8)))))+(MIN(25.5,MAX(0,K21/0.45*25.5))+MIN(17,MAX(0,I21/9.5*17))+MIN(12,MAX(0,N21/6*12))+MIN(11.5,MIN(10,MAX(0,G21/70*10))+MIN(3.75,MAX(0,H21/0.8*3.75)))+MIN(10.25,MAX(0,J21/8*10.25))+MIN(7.5,MAX(0,L21/7*7.5))+MIN(7.5,MAX(0,Q21/90*7.5))+MIN(6.25,MAX(0,P21/78*6.25))-MIN(8,MAX(0,(MAX(0,O21-2)/2)*8))-MIN(8,MAX(0,IF(M21<=1.5,0,IF(M21<=2.5,(M21-1.5)*4,4+(M21-2.5)*8))))-MIN(5,MAX(0,(MAX(0,S21-5)/3)*5))-MIN(3,MAX(0,(MAX(0,R21-2.9)/0.5)*3)))*T21-MAX(0,(W21-22)*3.5))>60,60+SQRT((IF(ISNUMBER(X21),12*EXP(-0.0179*((INT(X21)-1)*32+ROUND(MOD(X21,1)*100,0)-1)),IF(LOWER(X21)="UDFA",0.3,0))+IF(C21>=76,8,IF(C21>=74,6,IF(C21>=73,3,IF(C21>=72,0,IF(C21>=71,-4,-8)))))+(MIN(25.5,MAX(0,K21/0.45*25.5))+MIN(17,MAX(0,I21/9.5*17))+MIN(12,MAX(0,N21/6*12))+MIN(11.5,MIN(10,MAX(0,G21/70*10))+MIN(3.75,MAX(0,H21/0.8*3.75)))+MIN(10.25,MAX(0,J21/8*10.25))+MIN(7.5,MAX(0,L21/7*7.5))+MIN(7.5,MAX(0,Q21/90*7.5))+MIN(6.25,MAX(0,P21/78*6.25))-MIN(8,MAX(0,(MAX(0,O21-2)/2)*8))-MIN(8,MAX(0,IF(M21<=1.5,0,IF(M21<=2.5,(M21-1.5)*4,4+(M21-2.5)*8))))-MIN(5,MAX(0,(MAX(0,S21-5)/3)*5))-MIN(3,MAX(0,(MAX(0,R21-2.9)/0.5)*3)))*T21-MAX(0,(W21-22)*3.5))-60)*5,(IF(ISNUMBER(X21),12*EXP(-0.0179*((INT(X21)-1)*32+ROUND(MOD(X21,1)*100,0)-1)),IF(LOWER(X21)="UDFA",0.3,0))+IF(C21>=76,8,IF(C21>=74,6,IF(C21>=73,3,IF(C21>=72,0,IF(C21>=71,-4,-8)))))+(MIN(25.5,MAX(0,K21/0.45*25.5))+MIN(17,MAX(0,I21/9.5*17))+MIN(12,MAX(0,N21/6*12))+MIN(11.5,MIN(10,MAX(0,G21/70*10))+MIN(3.75,MAX(0,H21/0.8*3.75)))+MIN(10.25,MAX(0,J21/8*10.25))+MIN(7.5,MAX(0,L21/7*7.5))+MIN(7.5,MAX(0,Q21/90*7.5))+MIN(6.25,MAX(0,P21/78*6.25))-MIN(8,MAX(0,(MAX(0,O21-2)/2)*8))-MIN(8,MAX(0,IF(M21<=1.5,0,IF(M21<=2.5,(M21-1.5)*4,4+(M21-2.5)*8))))-MIN(5,MAX(0,(MAX(0,S21-5)/3)*5))-MIN(3,MAX(0,(MAX(0,R21-2.9)/0.5)*3)))*T21-MAX(0,(W21-22)*3.5))))*0.98)+Z21)) -> 27 | AB21: =IF(AA21=-999,"",IF(AA21>=92,"Franchise QB",IF(AA21>=88,"High-end Starter",IF(AA21>=84,"Developmental Starter",IF(AA21>=71,"Backup / Camp QB",IF(AA21>=58,"Deep Stash","Cut")))))) -> Cut | AC21: LV | AD21: 0.5
B22: Kaidon Salter (Colorado) | C22: 73 | D22: 190 | E22: 4.51 | F22: =ROUND((D22*200)/(E22^4)*(C22/75),2) -> 89.4 | G22: 55.11 | H22: 0.56 | I22: 5.83 | J22: 5.34 | K22: 0.294 | L22: 4.85 | M22: 3.4 | N22: 5.098 | O22: 4.246 | P22: 69.747 | Q22: 65.768 | R22: 3.101 | S22: 6.4 | T22: 1 | U22: =ROUND(MIN(20,MAX(0,K22/0.45*20))+MIN(15,MAX(0,(I22-5)/7*15))+MIN(15,MAX(0,N22/6*15))+MIN(15,MAX(0,G22/80*15))+MIN(15,MAX(0,F22/120*15))+MIN(10,MAX(0,(J22-6)/5*10))+MIN(10,MAX(0,Q22/90*10)),1) -> 56.4 | V22: =ROUND(MIN(25,MAX(0,L22/10*25))+MIN(25,MAX(0,(1-M22/5)*25))+MIN(20,MAX(0,P22/78*20))+MIN(15,MAX(0,(J22-6)/5*15))+MIN(10,MAX(0,(MAX(0,2.5-O22)/2.5)*10))+IF(ISNUMBER(X22),MAX(0,5-((INT(X22)-1)*32+ROUND(MOD(X22,1)*100,0))*0.02),IF(LOWER(X22)="UDFA",0.5,3)),1) -> 38.5 | W22: 23 | X22: UDFA | Y22: N/A | Z22: =MAX(0,IFERROR(VLOOKUP(Y22,$AC$2:$AD$34,2,FALSE()),0)) -> 0 | AA22: =IF(AND(LOWER(X22)="udfa",OR(Y22="N/A",Y22="")),-999,INT(MIN(96.9,(IF((IF(ISNUMBER(X22),12*EXP(-0.0179*((INT(X22)-1)*32+ROUND(MOD(X22,1)*100,0)-1)),IF(LOWER(X22)="UDFA",0.3,0))+IF(C22>=76,8,IF(C22>=74,6,IF(C22>=73,3,IF(C22>=72,0,IF(C22>=71,-4,-8)))))+(MIN(25.5,MAX(0,K22/0.45*25.5))+MIN(17,MAX(0,I22/9.5*17))+MIN(12,MAX(0,N22/6*12))+MIN(11.5,MIN(10,MAX(0,G22/70*10))+MIN(3.75,MAX(0,H22/0.8*3.75)))+MIN(10.25,MAX(0,J22/8*10.25))+MIN(7.5,MAX(0,L22/7*7.5))+MIN(7.5,MAX(0,Q22/90*7.5))+MIN(6.25,MAX(0,P22/78*6.25))-MIN(8,MAX(0,(MAX(0,O22-2)/2)*8))-MIN(8,MAX(0,IF(M22<=1.5,0,IF(M22<=2.5,(M22-1.5)*4,4+(M22-2.5)*8))))-MIN(5,MAX(0,(MAX(0,S22-5)/3)*5))-MIN(3,MAX(0,(MAX(0,R22-2.9)/0.5)*3)))*T22-MAX(0,(W22-22)*3.5))>60,60+SQRT((IF(ISNUMBER(X22),12*EXP(-0.0179*((INT(X22)-1)*32+ROUND(MOD(X22,1)*100,0)-1)),IF(LOWER(X22)="UDFA",0.3,0))+IF(C22>=76,8,IF(C22>=74,6,IF(C22>=73,3,IF(C22>=72,0,IF(C22>=71,-4,-8)))))+(MIN(25.5,MAX(0,K22/0.45*25.5))+MIN(17,MAX(0,I22/9.5*17))+MIN(12,MAX(0,N22/6*12))+MIN(11.5,MIN(10,MAX(0,G22/70*10))+MIN(3.75,MAX(0,H22/0.8*3.75)))+MIN(10.25,MAX(0,J22/8*10.25))+MIN(7.5,MAX(0,L22/7*7.5))+MIN(7.5,MAX(0,Q22/90*7.5))+MIN(6.25,MAX(0,P22/78*6.25))-MIN(8,MAX(0,(MAX(0,O22-2)/2)*8))-MIN(8,MAX(0,IF(M22<=1.5,0,IF(M22<=2.5,(M22-1.5)*4,4+(M22-2.5)*8))))-MIN(5,MAX(0,(MAX(0,S22-5)/3)*5))-MIN(3,MAX(0,(MAX(0,R22-2.9)/0.5)*3)))*T22-MAX(0,(W22-22)*3.5))-60)*5,(IF(ISNUMBER(X22),12*EXP(-0.0179*((INT(X22)-1)*32+ROUND(MOD(X22,1)*100,0)-1)),IF(LOWER(X22)="UDFA",0.3,0))+IF(C22>=76,8,IF(C22>=74,6,IF(C22>=73,3,IF(C22>=72,0,IF(C22>=71,-4,-8)))))+(MIN(25.5,MAX(0,K22/0.45*25.5))+MIN(17,MAX(0,I22/9.5*17))+MIN(12,MAX(0,N22/6*12))+MIN(11.5,MIN(10,MAX(0,G22/70*10))+MIN(3.75,MAX(0,H22/0.8*3.75)))+MIN(10.25,MAX(0,J22/8*10.25))+MIN(7.5,MAX(0,L22/7*7.5))+MIN(7.5,MAX(0,Q22/90*7.5))+MIN(6.25,MAX(0,P22/78*6.25))-MIN(8,MAX(0,(MAX(0,O22-2)/2)*8))-MIN(8,MAX(0,IF(M22<=1.5,0,IF(M22<=2.5,(M22-1.5)*4,4+(M22-2.5)*8))))-MIN(5,MAX(0,(MAX(0,S22-5)/3)*5))-MIN(3,MAX(0,(MAX(0,R22-2.9)/0.5)*3)))*T22-MAX(0,(W22-22)*3.5))))*0.98)+Z22)) -> -999 | AB22: =IF(AA22=-999,"",IF(AA22>=92,"Franchise QB",IF(AA22>=88,"High-end Starter",IF(AA22>=84,"Developmental Starter",IF(AA22>=71,"Backup / Camp QB",IF(AA22>=58,"Deep Stash","Cut")))))) | AC22: MIA | AD22: 1.22
AC23: MIN | AD23: 1.3
AC24: NE | AD24: 0.71
AC25: NO | AD25: 1.02
AC26: NYG | AD26: 0.29
AC27: NYJ | AD27: 0.43
AC28: PHI | AD28: 1.64
AC29: PIT | AD29: 1.21
AC30: SEA | AD30: 0.68
AC31: SF | AD31: 1.54
AC32: TB | AD32: 1.45
AC33: TEN | AD33: 0.21
AC34: WAS | AD34: 1.66

Sheet RB Model Page
A1: RB LANDING SPOT TABLE — 2026 SEASON | J1: Running Backs | K1: Ht Inches | L1: Weight | M1: BMI | N1: 40-Yd Dash | O1: Wt. Adj. Speed | P1: SYPP | Q1: Rec/G | R1: Fumble Rate % | S1: YAC/Att | T1: RAS | U1: Dom. % | V1: Breakaway Run % | W1: YAC/Att | X1: Target Share % | Y1: Athletic Score | Z1: SOS Mult. | AA1: Upside Score | AB1: Safety Score | AC1: Draft Position | AD1: Team | AE1: Landing Spot Mult. | AF1: Final Ranking | AG1: Tier
A2: INSTRUCTIONS: After NFL Draft (April 25), enter the drafting team abbreviation in the Team column on Sheet1. Then fill in Touch Vacancy Score (col E below) for each relevant team. Multiplier auto-calculates. Formula: (Vacancy×0.50) + (OL Grade×0.30) + (Usage×0.20) → mapped to multiplier. | J2: Jeremiyah Love (Notre Dame); Generational RB | K2: 72 | L2: 212 | M2: =L2/K2^2*703 -> 28.749228 | N2: 4.36 | O2: =MIN(120, (200 * L2) / (N2 ^ 4)) -> 117.33293 | P2: 8.32 | Q2: 1.96 | R2: 0 | S2: 4.3 | T2: 9.85 | U2: 0.2606 | V2: 0.1053 | W2: 4.45 | X2: 0.0943 | Y2: =(IF(AND(M2>=29, M2<=32), 15, 15-ABS(30.5-M2)*3)) + ((O2/110)*12) + (((P2-4)/3.6)*15) + ((Q2/3)*10) + (((S2-2)/1.5)*5) + T2 + 30 -> 94.597641 | Z2: 1 | AA2: =ROUND(MIN(20,(T2/10)*20)+MIN(20,MAX(0,(O2/120)*20))+MIN(20,MAX(0,((P2-4)/4)*20))+MIN(15,MAX(0,((S2-1.5)/3)*15))+MIN(15,MAX(0,(U2/0.35)*15))+MIN(10,MAX(0,(V2/0.25)*10)),1) -> 88.6 | AB2: =ROUND(MIN(25,(Q2/3)*25)+MIN(20,MAX(0,(X2/0.2)*20))+MIN(15,MAX(0,(W2/3.5)*15))+IF(ISNUMBER(AC2),MAX(0,40-((INT(AC2)-1)*32+ROUND(MOD(AC2,1)*100,0))*0.18),IF(LOWER(AC2)="udfa",5,25))+MIN(5,MAX(0,((0.02-R2)/0.017)*5)),1) -> 85.2 | AC2: 1.03 | AD2: ARI | AE2: =IF(AD2="","1.00",IFERROR(VLOOKUP(AD2,'RB Model Page'!$A:$F,6,FALSE()),1)) -> -2 | AF2: =IF(AND(LOWER(AC2)="udfa",OR(AD2="N/A",AD2="")),-999,ROUND((MIN(99.9,MAX(0,IF(((IF(LOWER(AC2)="udfa",10,100-IF(ISNUMBER(AC2),(INT(AC2)-1)*32+ROUND(MOD(AC2,1)*100,0),256)*0.25-IF(IF(ISNUMBER(AC2),(INT(AC2)-1)*32+ROUND(MOD(AC2,1)*100,0),256)>96,(IF(ISNUMBER(AC2),(INT(AC2)-1)*32+ROUND(MOD(AC2,1)*100,0),256)-96)*0.15,0)-IF(IF(ISNUMBER(AC2),(INT(AC2)-1)*32+ROUND(MOD(AC2,1)*100,0),256)>75,8,0)-IF(IF(ISNUMBER(AC2),(INT(AC2)-1)*32+ROUND(MOD(AC2,1)*100,0),256)>10,10,0)))*IF(LOWER(AC2)="udfa",0.45,0.45-MIN(0.1,(IF(ISNUMBER(AC2),(INT(AC2)-1)*32+ROUND(MOD(AC2,1)*100,0),256)/255)*0.1))+(IF(AND(M2>=29,M2<=32),15,15-ABS(30.5-M2)*3)+(O2/110)*12+T2+30+(MIN(15,MAX(0,((P2-4)/3.6)*15))+((Q2/3)*10)+(((S2-2)/1.5)*5))*Z2)*(1-IF(LOWER(AC2)="udfa",0.45,0.45-MIN(0.1,(IF(ISNUMBER(AC2),(INT(AC2)-1)*32+ROUND(MOD(AC2,1)*100,0),256)/255)*0.1)))+MIN(7,MAX(0,(U2/0.4)*7))*Z2+MIN(3,MAX(0,(V2/0.2)*3))*Z2+MIN(3,MAX(0,((W2-2)/2)*3))*Z2+MIN(4,MAX(0,(X2/0.18)*4))*Z2)>60,60+SQRT(((IF(LOWER(AC2)="udfa",10,100-IF(ISNUMBER(AC2),(INT(AC2)-1)*32+ROUND(MOD(AC2,1)*100,0),256)*0.25-IF(IF(ISNUMBER(AC2),(INT(AC2)-1)*32+ROUND(MOD(AC2,1)*100,0),256)>96,(IF(ISNUMBER(AC2),(INT(AC2)-1)*32+ROUND(MOD(AC2,1)*100,0),256)-96)*0.15,0)-IF(IF(ISNUMBER(AC2),(INT(AC2)-1)*32+ROUND(MOD(AC2,1)*100,0),256)>75,8,0)-IF(IF(ISNUMBER(AC2),(INT(AC2)-1)*32+ROUND(MOD(AC2,1)*100,0),256)>10,10,0)))*IF(LOWER(AC2)="udfa",0.45,0.45-MIN(0.1,(IF(ISNUMBER(AC2),(INT(AC2)-1)*32+ROUND(MOD(AC2,1)*100,0),256)/255)*0.1))+(IF(AND(M2>=29,M2<=32),15,15-ABS(30.5-M2)*3)+(O2/110)*12+T2+30+(MIN(15,MAX(0,((P2-4)/3.6)*15))+((Q2/3)*10)+(((S2-2)/1.5)*5))*Z2)*(1-IF(LOWER(AC2)="udfa",0.45,0.45-MIN(0.1,(IF(ISNUMBER(AC2),(INT(AC2)-1)*32+ROUND(MOD(AC2,1)*100,0),256)/255)*0.1)))+MIN(7,MAX(0,(U2/0.4)*7))*Z2+MIN(3,MAX(0,(V2/0.2)*3))*Z2+MIN(3,MAX(0,((W2-2)/2)*3))*Z2+MIN(4,MAX(0,(X2/0.18)*4))*Z2)-60)*5.5,((IF(LOWER(AC2)="udfa",10,100-IF(ISNUMBER(AC2),(INT(AC2)-1)*32+ROUND(MOD(AC2,1)*100,0),256)*0.25-IF(IF(ISNUMBER(AC2),(INT(AC2)-1)*32+ROUND(MOD(AC2,1)*100,0),256)>96,(IF(ISNUMBER(AC2),(INT(AC2)-1)*32+ROUND(MOD(AC2,1)*100,0),256)-96)*0.15,0)-IF(IF(ISNUMBER(AC2),(INT(AC2)-1)*32+ROUND(MOD(AC2,1)*100,0),256)>75,8,0)-IF(IF(ISNUMBER(AC2),(INT(AC2)-1)*32+ROUND(MOD(AC2,1)*100,0),256)>10,10,0)))*IF(LOWER(AC2)="udfa",0.45,0.45-MIN(0.1,(IF(ISNUMBER(AC2),(INT(AC2)-1)*32+ROUND(MOD(AC2,1)*100,0),256)/255)*0.1))+(IF(AND(M2>=29,M2<=32),15,15-ABS(30.5-M2)*3)+(O2/110)*12+T2+30+(MIN(15,MAX(0,((P2-4)/3.6)*15))+((Q2/3)*10)+(((S2-2)/1.5)*5))*Z2)*(1-IF(LOWER(AC2)="udfa",0.45,0.45-MIN(0.1,(IF(ISNUMBER(AC2),(INT(AC2)-1)*32+ROUND(MOD(AC2,1)*100,0),256)/255)*0.1)))+MIN(7,MAX(0,(U2/0.4)*7))*Z2+MIN(3,MAX(0,(V2/0.2)*3))*Z2+MIN(3,MAX(0,((W2-2)/2)*3))*Z2+MIN(4,MAX(0,(X2/0.18)*4))*Z2)+AB2*0.08)+MAX(0,IFERROR(VALUE(AE2),0)))))/103*100,1)) -> 94.6 | AG2: =IF(AF2=-999,"",IF(AF2>=94,"Generational RB",IF(AF2>=86,"Franchise Back",IF(AF2>=77,"Featured Back",IF(AF2>=67,"Flex Starter",IF(AF2>=57,"Handcuff/Upside",IF(AF2>=44,"UDFA"))))))) -> Generational RB | AI2: Running Backs | AJ2: Round | AK2: RB1% | AL2: RB2% | AM2: RB3% | AN2: RB4%
A3: Team | B3: OL Run Block Grade (0-10) | C3: Scheme (Zone/Gap/Mix) | D3: OC RB Usage Tendency (0-10) | E3: Touch Vacancy Score (0-10) [Fill Post-Draft] | F3: Landing Spot Multiplier | G3: Label | J3: Jadarian Price (Notre Dame) | K3: 71 | L3: 203 | M3: =L3/K3^2*703 -> 28.309661 | N3: 4.49 | O3: =MIN(120,(200*L3)/(N3^4)) -> 99.894291 | P3: 6.47 | Q3: 0.36 | R3: 0.0164 | S3: 4.4 | T3: 8.76 | U3: 0.131 | V3: 0.1111 | W3: 4.22 | X3: 0.0187 | Y3: =(IF(AND(M3>=29, M3<=32), 15, 15-ABS(30.5-M3)*3)) + ((O3/110)*12) + (((P3-4)/3.6)*15) + ((Q3/3)*10) + (((S3-2)/1.5)*5) + T3 + 30 -> 77.578208 | Z3: 1 | AA3: =ROUND(MIN(20,(T3/10)*20)+MIN(20,MAX(0,(O3/120)*20))+MIN(20,MAX(0,((P3-4)/4)*20))+MIN(15,MAX(0,((S3-1.5)/3)*15))+MIN(15,MAX(0,(U3/0.35)*15))+MIN(10,MAX(0,(V3/0.25)*10)),1) -> 71.1 | AB3: =ROUND(MIN(25,(Q3/3)*25)+MIN(20,MAX(0,(X3/0.2)*20))+MIN(15,MAX(0,(W3/3.5)*15))+IF(ISNUMBER(AC3),MAX(0,40-((INT(AC3)-1)*32+ROUND(MOD(AC3,1)*100,0))*0.18),IF(LOWER(AC3)="udfa",5,25))+MIN(5,MAX(0,((0.02-R3)/0.017)*5)),1) -> 55.2 | AC3: 1.32 | AD3: SEA | AE3: =IF(AD3="","1.00",IFERROR(VLOOKUP(AD3,'RB Model Page'!$A:$F,6,FALSE()),1)) -> 2 | AF3: =IF(AND(LOWER(AC3)="udfa",OR(AD3="N/A",AD3="")),-999,ROUND((MIN(99.9,MAX(0,IF(((IF(LOWER(AC3)="udfa",10,100-IF(ISNUMBER(AC3),(INT(AC3)-1)*32+ROUND(MOD(AC3,1)*100,0),256)*0.25-IF(IF(ISNUMBER(AC3),(INT(AC3)-1)*32+ROUND(MOD(AC3,1)*100,0),256)>96,(IF(ISNUMBER(AC3),(INT(AC3)-1)*32+ROUND(MOD(AC3,1)*100,0),256)-96)*0.15,0)-IF(IF(ISNUMBER(AC3),(INT(AC3)-1)*32+ROUND(MOD(AC3,1)*100,0),256)>75,8,0)-IF(IF(ISNUMBER(AC3),(INT(AC3)-1)*32+ROUND(MOD(AC3,1)*100,0),256)>10,10,0)))*IF(LOWER(AC3)="udfa",0.45,0.45-MIN(0.1,(IF(ISNUMBER(AC3),(INT(AC3)-1)*32+ROUND(MOD(AC3,1)*100,0),256)/255)*0.1))+(IF(AND(M3>=29,M3<=32),15,15-ABS(30.5-M3)*3)+(O3/110)*12+T3+30+(MIN(15,MAX(0,((P3-4)/3.6)*15))+((Q3/3)*10)+(((S3-2)/1.5)*5))*Z3)*(1-IF(LOWER(AC3)="udfa",0.45,0.45-MIN(0.1,(IF(ISNUMBER(AC3),(INT(AC3)-1)*32+ROUND(MOD(AC3,1)*100,0),256)/255)*0.1)))+MIN(7,MAX(0,(U3/0.4)*7))*Z3+MIN(3,MAX(0,(V3/0.2)*3))*Z3+MIN(3,MAX(0,((W3-2)/2)*3))*Z3+MIN(4,MAX(0,(X3/0.18)*4))*Z3)>60,60+SQRT(((IF(LOWER(AC3)="udfa",10,100-IF(ISNUMBER(AC3),(INT(AC3)-1)*32+ROUND(MOD(AC3,1)*100,0),256)*0.25-IF(IF(ISNUMBER(AC3),(INT(AC3)-1)*32+ROUND(MOD(AC3,1)*100,0),256)>96,(IF(ISNUMBER(AC3),(INT(AC3)-1)*32+ROUND(MOD(AC3,1)*100,0),256)-96)*0.15,0)-IF(IF(ISNUMBER(AC3),(INT(AC3)-1)*32+ROUND(MOD(AC3,1)*100,0),256)>75,8,0)-IF(IF(ISNUMBER(AC3),(INT(AC3)-1)*32+ROUND(MOD(AC3,1)*100,0),256)>10,10,0)))*IF(LOWER(AC3)="udfa",0.45,0.45-MIN(0.1,(IF(ISNUMBER(AC3),(INT(AC3)-1)*32+ROUND(MOD(AC3,1)*100,0),256)/255)*0.1))+(IF(AND(M3>=29,M3<=32),15,15-ABS(30.5-M3)*3)+(O3/110)*12+T3+30+(MIN(15,MAX(0,((P3-4)/3.6)*15))+((Q3/3)*10)+(((S3-2)/1.5)*5))*Z3)*(1-IF(LOWER(AC3)="udfa",0.45,0.45-MIN(0.1,(IF(ISNUMBER(AC3),(INT(AC3)-1)*32+ROUND(MOD(AC3,1)*100,0),256)/255)*0.1)))+MIN(7,MAX(0,(U3/0.4)*7))*Z3+MIN(3,MAX(0,(V3/0.2)*3))*Z3+MIN(3,MAX(0,((W3-2)/2)*3))*Z3+MIN(4,MAX(0,(X3/0.18)*4))*Z3)-60)*5.5,((IF(LOWER(AC3)="udfa",10,100-IF(ISNUMBER(AC3),(INT(AC3)-1)*32+ROUND(MOD(AC3,1)*100,0),256)*0.25-IF(IF(ISNUMBER(AC3),(INT(AC3)-1)*32+ROUND(MOD(AC3,1)*100,0),256)>96,(IF(ISNUMBER(AC3),(INT(AC3)-1)*32+ROUND(MOD(AC3,1)*100,0),256)-96)*0.15,0)-IF(IF(ISNUMBER(AC3),(INT(AC3)-1)*32+ROUND(MOD(AC3,1)*100,0),256)>75,8,0)-IF(IF(ISNUMBER(AC3),(INT(AC3)-1)*32+ROUND(MOD(AC3,1)*100,0),256)>10,10,0)))*IF(LOWER(AC3)="udfa",0.45,0.45-MIN(0.1,(IF(ISNUMBER(AC3),(INT(AC3)-1)*32+ROUND(MOD(AC3,1)*100,0),256)/255)*0.1))+(IF(AND(M3>=29,M3<=32),15,15-ABS(30.5-M3)*3)+(O3/110)*12+T3+30+(MIN(15,MAX(0,((P3-4)/3.6)*15))+((Q3/3)*10)+(((S3-2)/1.5)*5))*Z3)*(1-IF(LOWER(AC3)="udfa",0.45,0.45-MIN(0.1,(IF(ISNUMBER(AC3),(INT(AC3)-1)*32+ROUND(MOD(AC3,1)*100,0),256)/255)*0.1)))+MIN(7,MAX(0,(U3/0.4)*7))*Z3+MIN(3,MAX(0,(V3/0.2)*3))*Z3+MIN(3,MAX(0,((W3-2)/2)*3))*Z3+MIN(4,MAX(0,(X3/0.18)*4))*Z3)+AB3*0.08)+MAX(0,IFERROR(VALUE(AE3),0)))))/103*100,1)) -> 87.9 | AG3: =IF(AF3=-999,"",IF(AF3>=94,"Generational RB",IF(AF3>=86,"Franchise Back",IF(AF3>=77,"Featured Back",IF(AF3>=67,"Flex Starter",IF(AF3>=57,"Handcuff/Upside",IF(AF3>=44,"UDFA"))))))) -> Franchise Back | AI3: 1st Rd | AJ3: 1 | AK3: 0.5 | AL3: 0.7 | AM3: 0.8 | AN3: 0.9
A4: Scale guide → | B4: 10=Elite (top 3) 7=Above avg 5=Average 3=Below avg 1=Poor (btm 3) | C4: Zone=outside zone Gap=power/inside Mix=both | D4: 10=Heavy usage 7=Featured 5=Rotational 3=Committee 1=Minimal RB use | E4: 10=250+ vacated 8=180-249 6=120-179 4=60-119 2=<60 0=None (full backfield) | F4: Auto-calculated from formula | G4: Auto-populated from score | H4: Notes | J4: Mike Washington, Jr. (Arkansas) | K4: 73 | L4: 223 | M4: =L4/K4^2*703 -> 29.41809 | N4: 4.33 | O4: =MIN(120,(200*L4)/(N4^4)) -> 120 | P4: 6.48 | Q4: 1.58 | R4: 0.0195 | S4: 4.2 | T4: 10 | U4: 0.215 | V4: 0.0841 | W4: 3.49 | X4: 0.0836 | Y4: =(IF(AND(M4>=29, M4<=32), 15, 15-ABS(30.5-M4)*3)) + ((O4/110)*12) + (((P4-4)/3.6)*15) + ((Q4/3)*10) + (((S4-2)/1.5)*5) + T4 + 30 -> 91.024242 | Z4: 1 | AA4: =ROUND(MIN(20,(T4/10)*20)+MIN(20,MAX(0,(O4/120)*20))+MIN(20,MAX(0,((P4-4)/4)*20))+MIN(15,MAX(0,((S4-1.5)/3)*15))+MIN(15,MAX(0,(U4/0.35)*15))+MIN(10,MAX(0,(V4/0.25)*10)),1) -> 78.5 | AB4: =ROUND(MIN(25,(Q4/3)*25)+MIN(20,MAX(0,(X4/0.2)*20))+MIN(15,MAX(0,(W4/3.5)*15))+IF(ISNUMBER(AC4),MAX(0,40-((INT(AC4)-1)*32+ROUND(MOD(AC4,1)*100,0))*0.18),IF(LOWER(AC4)="udfa",5,25))+MIN(5,MAX(0,((0.02-R4)/0.017)*5)),1) -> 54.7 | AC4: 4.26 | AD4: LV | AE4: =IF(AD4="","1.00",IFERROR(VLOOKUP(AD4,'RB Model Page'!$A:$F,6,FALSE()),1)) -> -2 | AF4: =IF(AND(LOWER(AC4)="udfa",OR(AD4="N/A",AD4="")),-999,ROUND((MIN(99.9,MAX(0,IF(((IF(LOWER(AC4)="udfa",10,100-IF(ISNUMBER(AC4),(INT(AC4)-1)*32+ROUND(MOD(AC4,1)*100,0),256)*0.25-IF(IF(ISNUMBER(AC4),(INT(AC4)-1)*32+ROUND(MOD(AC4,1)*100,0),256)>96,(IF(ISNUMBER(AC4),(INT(AC4)-1)*32+ROUND(MOD(AC4,1)*100,0),256)-96)*0.15,0)-IF(IF(ISNUMBER(AC4),(INT(AC4)-1)*32+ROUND(MOD(AC4,1)*100,0),256)>75,8,0)-IF(IF(ISNUMBER(AC4),(INT(AC4)-1)*32+ROUND(MOD(AC4,1)*100,0),256)>10,10,0)))*IF(LOWER(AC4)="udfa",0.45,0.45-MIN(0.1,(IF(ISNUMBER(AC4),(INT(AC4)-1)*32+ROUND(MOD(AC4,1)*100,0),256)/255)*0.1))+(IF(AND(M4>=29,M4<=32),15,15-ABS(30.5-M4)*3)+(O4/110)*12+T4+30+(MIN(15,MAX(0,((P4-4)/3.6)*15))+((Q4/3)*10)+(((S4-2)/1.5)*5))*Z4)*(1-IF(LOWER(AC4)="udfa",0.45,0.45-MIN(0.1,(IF(ISNUMBER(AC4),(INT(AC4)-1)*32+ROUND(MOD(AC4,1)*100,0),256)/255)*0.1)))+MIN(7,MAX(0,(U4/0.4)*7))*Z4+MIN(3,MAX(0,(V4/0.2)*3))*Z4+MIN(3,MAX(0,((W4-2)/2)*3))*Z4+MIN(4,MAX(0,(X4/0.18)*4))*Z4)>60,60+SQRT(((IF(LOWER(AC4)="udfa",10,100-IF(ISNUMBER(AC4),(INT(AC4)-1)*32+ROUND(MOD(AC4,1)*100,0),256)*0.25-IF(IF(ISNUMBER(AC4),(INT(AC4)-1)*32+ROUND(MOD(AC4,1)*100,0),256)>96,(IF(ISNUMBER(AC4),(INT(AC4)-1)*32+ROUND(MOD(AC4,1)*100,0),256)-96)*0.15,0)-IF(IF(ISNUMBER(AC4),(INT(AC4)-1)*32+ROUND(MOD(AC4,1)*100,0),256)>75,8,0)-IF(IF(ISNUMBER(AC4),(INT(AC4)-1)*32+ROUND(MOD(AC4,1)*100,0),256)>10,10,0)))*IF(LOWER(AC4)="udfa",0.45,0.45-MIN(0.1,(IF(ISNUMBER(AC4),(INT(AC4)-1)*32+ROUND(MOD(AC4,1)*100,0),256)/255)*0.1))+(IF(AND(M4>=29,M4<=32),15,15-ABS(30.5-M4)*3)+(O4/110)*12+T4+30+(MIN(15,MAX(0,((P4-4)/3.6)*15))+((Q4/3)*10)+(((S4-2)/1.5)*5))*Z4)*(1-IF(LOWER(AC4)="udfa",0.45,0.45-MIN(0.1,(IF(ISNUMBER(AC4),(INT(AC4)-1)*32+ROUND(MOD(AC4,1)*100,0),256)/255)*0.1)))+MIN(7,MAX(0,(U4/0.4)*7))*Z4+MIN(3,MAX(0,(V4/0.2)*3))*Z4+MIN(3,MAX(0,((W4-2)/2)*3))*Z4+MIN(4,MAX(0,(X4/0.18)*4))*Z4)-60)*5.5,((IF(LOWER(AC4)="udfa",10,100-IF(ISNUMBER(AC4),(INT(AC4)-1)*32+ROUND(MOD(AC4,1)*100,0),256)*0.25-IF(IF(ISNUMBER(AC4),(INT(AC4)-1)*32+ROUND(MOD(AC4,1)*100,0),256)>96,(IF(ISNUMBER(AC4),(INT(AC4)-1)*32+ROUND(MOD(AC4,1)*100,0),256)-96)*0.15,0)-IF(IF(ISNUMBER(AC4),(INT(AC4)-1)*32+ROUND(MOD(AC4,1)*100,0),256)>75,8,0)-IF(IF(ISNUMBER(AC4),(INT(AC4)-1)*32+ROUND(MOD(AC4,1)*100,0),256)>10,10,0)))*IF(LOWER(AC4)="udfa",0.45,0.45-MIN(0.1,(IF(ISNUMBER(AC4),(INT(AC4)-1)*32+ROUND(MOD(AC4,1)*100,0),256)/255)*0.1))+(IF(AND(M4>=29,M4<=32),15,15-ABS(30.5-M4)*3)+(O4/110)*12+T4+30+(MIN(15,MAX(0,((P4-4)/3.6)*15))+((Q4/3)*10)+(((S4-2)/1.5)*5))*Z4)*(1-IF(LOWER(AC4)="udfa",0.45,0.45-MIN(0.1,(IF(ISNUMBER(AC4),(INT(AC4)-1)*32+ROUND(MOD(AC4,1)*100,0),256)/255)*0.1)))+MIN(7,MAX(0,(U4/0.4)*7))*Z4+MIN(3,MAX(0,(V4/0.2)*3))*Z4+MIN(3,MAX(0,((W4-2)/2)*3))*Z4+MIN(4,MAX(0,(X4/0.18)*4))*Z4)+AB4*0.08)+MAX(0,IFERROR(VALUE(AE4),0)))))/103*100,1)) -> 83.7 | AG4: =IF(AF4=-999,"",IF(AF4>=94,"Generational RB",IF(AF4>=86,"Franchise Back",IF(AF4>=77,"Featured Back",IF(AF4>=67,"Flex Starter",IF(AF4>=57,"Handcuff/Upside",IF(AF4>=44,"UDFA"))))))) -> Featured Back | AI4: 2nd Rd | AJ4: 2 | AK4: 0.256 | AL4: 0.409 | AM4: 0.545 | AN4: 0.773
A5: ARI | B5: 5.5 | C5: Zone | D5: 6 | E5: 0 | F5: =IF((E5*0.5+B5*0.3+D5*0.2)>=8.5,3,IF((E5*0.5+B5*0.3+D5*0.2)>=7,2,IF((E5*0.5+B5*0.3+D5*0.2)>=5.5,1,IF((E5*0.5+B5*0.3+D5*0.2)>=4,0,-2)))) -> -2 | G5: =IF(F5>=1.25,"Workhorse Situation",IF(F5>=1.15,"Featured Role",IF(F5>=1.05,"Contributor",IF(F5>=1,"Neutral",IF(F5>=0.9,"Competition Risk",IF(F5>=0.8,"Poor Fit","Landmine")))))) -> Landmine | H5: James Conner Back | J5: Jonah Coleman (Wash) | K5: 68 | L5: 220 | M5: =L5/K5^2*703 -> 33.447232 | N5: 4.56 | O5: =MIN(120,(200*L5)/(N5^4)) -> 101.7638 | P5: 6.71 | Q5: 2.16 | R5: 0.0015 | S5: 3.6 | T5: 8 | U5: 0.2269 | V5: 0.0688 | W5: 4 | X5: 0.0814 | Y5: =(IF(AND(M5>=29, M5<=32), 15, 15-ABS(30.5-M5)*3)) + ((O5/110)*12) + (((P5-4)/3.6)*15) + ((Q5/3)*10) + (((S5-2)/1.5)*5) + T5 + 30 -> 79.08481 | Z5: 1 | AA5: =ROUND(MIN(20,(T5/10)*20)+MIN(20,MAX(0,(O5/120)*20))+MIN(20,MAX(0,((P5-4)/4)*20))+MIN(15,MAX(0,((S5-1.5)/3)*15))+MIN(15,MAX(0,(U5/0.35)*15))+MIN(10,MAX(0,(V5/0.25)*10)),1) -> 69.5 | AB5: =ROUND(MIN(25,(Q5/3)*25)+MIN(20,MAX(0,(X5/0.2)*20))+MIN(15,MAX(0,(W5/3.5)*15))+IF(ISNUMBER(AC5),MAX(0,40-((INT(AC5)-1)*32+ROUND(MOD(AC5,1)*100,0))*0.18),IF(LOWER(AC5)="udfa",5,25))+MIN(5,MAX(0,((0.02-R5)/0.017)*5)),1) -> 66.7 | AC5: 4.12 | AD5: DEN | AE5: =IF(AD5="","1.00",IFERROR(VLOOKUP(AD5,'RB Model Page'!$A:$F,6,FALSE()),1)) -> 0 | AF5: =IF(AND(LOWER(AC5)="udfa",OR(AD5="N/A",AD5="")),-999,ROUND((MIN(99.9,MAX(0,IF(((IF(LOWER(AC5)="udfa",10,100-IF(ISNUMBER(AC5),(INT(AC5)-1)*32+ROUND(MOD(AC5,1)*100,0),256)*0.25-IF(IF(ISNUMBER(AC5),(INT(AC5)-1)*32+ROUND(MOD(AC5,1)*100,0),256)>96,(IF(ISNUMBER(AC5),(INT(AC5)-1)*32+ROUND(MOD(AC5,1)*100,0),256)-96)*0.15,0)-IF(IF(ISNUMBER(AC5),(INT(AC5)-1)*32+ROUND(MOD(AC5,1)*100,0),256)>75,8,0)-IF(IF(ISNUMBER(AC5),(INT(AC5)-1)*32+ROUND(MOD(AC5,1)*100,0),256)>10,10,0)))*IF(LOWER(AC5)="udfa",0.45,0.45-MIN(0.1,(IF(ISNUMBER(AC5),(INT(AC5)-1)*32+ROUND(MOD(AC5,1)*100,0),256)/255)*0.1))+(IF(AND(M5>=29,M5<=32),15,15-ABS(30.5-M5)*3)+(O5/110)*12+T5+30+(MIN(15,MAX(0,((P5-4)/3.6)*15))+((Q5/3)*10)+(((S5-2)/1.5)*5))*Z5)*(1-IF(LOWER(AC5)="udfa",0.45,0.45-MIN(0.1,(IF(ISNUMBER(AC5),(INT(AC5)-1)*32+ROUND(MOD(AC5,1)*100,0),256)/255)*0.1)))+MIN(7,MAX(0,(U5/0.4)*7))*Z5+MIN(3,MAX(0,(V5/0.2)*3))*Z5+MIN(3,MAX(0,((W5-2)/2)*3))*Z5+MIN(4,MAX(0,(X5/0.18)*4))*Z5)>60,60+SQRT(((IF(LOWER(AC5)="udfa",10,100-IF(ISNUMBER(AC5),(INT(AC5)-1)*32+ROUND(MOD(AC5,1)*100,0),256)*0.25-IF(IF(ISNUMBER(AC5),(INT(AC5)-1)*32+ROUND(MOD(AC5,1)*100,0),256)>96,(IF(ISNUMBER(AC5),(INT(AC5)-1)*32+ROUND(MOD(AC5,1)*100,0),256)-96)*0.15,0)-IF(IF(ISNUMBER(AC5),(INT(AC5)-1)*32+ROUND(MOD(AC5,1)*100,0),256)>75,8,0)-IF(IF(ISNUMBER(AC5),(INT(AC5)-1)*32+ROUND(MOD(AC5,1)*100,0),256)>10,10,0)))*IF(LOWER(AC5)="udfa",0.45,0.45-MIN(0.1,(IF(ISNUMBER(AC5),(INT(AC5)-1)*32+ROUND(MOD(AC5,1)*100,0),256)/255)*0.1))+(IF(AND(M5>=29,M5<=32),15,15-ABS(30.5-M5)*3)+(O5/110)*12+T5+30+(MIN(15,MAX(0,((P5-4)/3.6)*15))+((Q5/3)*10)+(((S5-2)/1.5)*5))*Z5)*(1-IF(LOWER(AC5)="udfa",0.45,0.45-MIN(0.1,(IF(ISNUMBER(AC5),(INT(AC5)-1)*32+ROUND(MOD(AC5,1)*100,0),256)/255)*0.1)))+MIN(7,MAX(0,(U5/0.4)*7))*Z5+MIN(3,MAX(0,(V5/0.2)*3))*Z5+MIN(3,MAX(0,((W5-2)/2)*3))*Z5+MIN(4,MAX(0,(X5/0.18)*4))*Z5)-60)*5.5,((IF(LOWER(AC5)="udfa",10,100-IF(ISNUMBER(AC5),(INT(AC5)-1)*32+ROUND(MOD(AC5,1)*100,0),256)*0.25-IF(IF(ISNUMBER(AC5),(INT(AC5)-1)*32+ROUND(MOD(AC5,1)*100,0),256)>96,(IF(ISNUMBER(AC5),(INT(AC5)-1)*32+ROUND(MOD(AC5,1)*100,0),256)-96)*0.15,0)-IF(IF(ISNUMBER(AC5),(INT(AC5)-1)*32+ROUND(MOD(AC5,1)*100,0),256)>75,8,0)-IF(IF(ISNUMBER(AC5),(INT(AC5)-1)*32+ROUND(MOD(AC5,1)*100,0),256)>10,10,0)))*IF(LOWER(AC5)="udfa",0.45,0.45-MIN(0.1,(IF(ISNUMBER(AC5),(INT(AC5)-1)*32+ROUND(MOD(AC5,1)*100,0),256)/255)*0.1))+(IF(AND(M5>=29,M5<=32),15,15-ABS(30.5-M5)*3)+(O5/110)*12+T5+30+(MIN(15,MAX(0,((P5-4)/3.6)*15))+((Q5/3)*10)+(((S5-2)/1.5)*5))*Z5)*(1-IF(LOWER(AC5)="udfa",0.45,0.45-MIN(0.1,(IF(ISNUMBER(AC5),(INT(AC5)-1)*32+ROUND(MOD(AC5,1)*100,0),256)/255)*0.1)))+MIN(7,MAX(0,(U5/0.4)*7))*Z5+MIN(3,MAX(0,(V5/0.2)*3))*Z5+MIN(3,MAX(0,((W5-2)/2)*3))*Z5+MIN(4,MAX(0,(X5/0.18)*4))*Z5)+AB5*0.08)+MAX(0,IFERROR(VALUE(AE5),0)))))/103*100,1)) -> 81.1 | AG5: =IF(AF5=-999,"",IF(AF5>=94,"Generational RB",IF(AF5>=86,"Franchise Back",IF(AF5>=77,"Featured Back",IF(AF5>=67,"Flex Starter",IF(AF5>=57,"Handcuff/Upside",IF(AF5>=44,"UDFA"))))))) -> Featured Back | AI5: 3rd Rd | AJ5: 3 | AK5: 0.154 | AL5: 0.192 | AM5: 0.308 | AN5: 0.5
A6: ATL | B6: 7 | C6: Zone | D6: 7 | E6: =IFERROR(VLOOKUP(A6,Vacancy_Calculator!$A$4:$D$35,2,FALSE()),0) -> 4 | F6: =IF((E6*0.5+B6*0.3+D6*0.2)>=8.5,3,IF((E6*0.5+B6*0.3+D6*0.2)>=7,2,IF((E6*0.5+B6*0.3+D6*0.2)>=5.5,1,IF((E6*0.5+B6*0.3+D6*0.2)>=4,0,-2)))) -> 1 | G6: =IF(F6>=1.25,"Workhorse Situation",IF(F6>=1.15,"Featured Role",IF(F6>=1.05,"Contributor",IF(F6>=1,"Neutral",IF(F6>=0.9,"Competition Risk",IF(F6>=0.8,"Poor Fit","Landmine")))))) -> Neutral | H6: Strong OL; Bijan Robinson presence limits vacancy | J6: Kaelon Black (Indiana) | K6: 69.75 | L6: 206 | M6: =L6/K6^2*703 -> 29.766935 | N6: 4.5 | O6: =MIN(120,(200*L6)/(N6^4)) -> 100.47249 | P6: 5.75 | Q6: 0.32 | R6: 0.0124 | S6: 3.7 | T6: 7 | U6: 0.0917 | V6: 0.0819 | W6: 3.56 | X6: 0.0165 | Y6: =(IF(AND(M6>=29, M6<=32), 15, 15-ABS(30.5-M6)*3)) + ((O6/110)*12) + (((P6-4)/3.6)*15) + ((Q6/3)*10) + (((S6-2)/1.5)*5) + T6 + 30 -> 76.985635 | Z6: 1 | AA6: =ROUND(MIN(20,(T6/10)*20)+MIN(20,MAX(0,(O6/120)*20))+MIN(20,MAX(0,((P6-4)/4)*20))+MIN(15,MAX(0,((S6-1.5)/3)*15))+MIN(15,MAX(0,(U6/0.35)*15))+MIN(10,MAX(0,(V6/0.25)*10)),1) -> 57.7 | AB6: =ROUND(MIN(25,(Q6/3)*25)+MIN(20,MAX(0,(X6/0.2)*20))+MIN(15,MAX(0,(W6/3.5)*15))+IF(ISNUMBER(AC6),MAX(0,40-((INT(AC6)-1)*32+ROUND(MOD(AC6,1)*100,0))*0.18),IF(LOWER(AC6)="udfa",5,25))+MIN(5,MAX(0,((0.02-R6)/0.017)*5)),1) -> 45.4 | AC6: 3.26 | AD6: SF | AE6: =IF(AD6="","1.00",IFERROR(VLOOKUP(AD6,'RB Model Page'!$A:$F,6,FALSE()),1)) -> 1 | AF6: =IF(AND(LOWER(AC6)="udfa",OR(AD6="N/A",AD6="")),-999,ROUND((MIN(99.9,MAX(0,IF(((IF(LOWER(AC6)="udfa",10,100-IF(ISNUMBER(AC6),(INT(AC6)-1)*32+ROUND(MOD(AC6,1)*100,0),256)*0.25-IF(IF(ISNUMBER(AC6),(INT(AC6)-1)*32+ROUND(MOD(AC6,1)*100,0),256)>96,(IF(ISNUMBER(AC6),(INT(AC6)-1)*32+ROUND(MOD(AC6,1)*100,0),256)-96)*0.15,0)-IF(IF(ISNUMBER(AC6),(INT(AC6)-1)*32+ROUND(MOD(AC6,1)*100,0),256)>75,8,0)-IF(IF(ISNUMBER(AC6),(INT(AC6)-1)*32+ROUND(MOD(AC6,1)*100,0),256)>10,10,0)))*IF(LOWER(AC6)="udfa",0.45,0.45-MIN(0.1,(IF(ISNUMBER(AC6),(INT(AC6)-1)*32+ROUND(MOD(AC6,1)*100,0),256)/255)*0.1))+(IF(AND(M6>=29,M6<=32),15,15-ABS(30.5-M6)*3)+(O6/110)*12+T6+30+(MIN(15,MAX(0,((P6-4)/3.6)*15))+((Q6/3)*10)+(((S6-2)/1.5)*5))*Z6)*(1-IF(LOWER(AC6)="udfa",0.45,0.45-MIN(0.1,(IF(ISNUMBER(AC6),(INT(AC6)-1)*32+ROUND(MOD(AC6,1)*100,0),256)/255)*0.1)))+MIN(7,MAX(0,(U6/0.4)*7))*Z6+MIN(3,MAX(0,(V6/0.2)*3))*Z6+MIN(3,MAX(0,((W6-2)/2)*3))*Z6+MIN(4,MAX(0,(X6/0.18)*4))*Z6)>60,60+SQRT(((IF(LOWER(AC6)="udfa",10,100-IF(ISNUMBER(AC6),(INT(AC6)-1)*32+ROUND(MOD(AC6,1)*100,0),256)*0.25-IF(IF(ISNUMBER(AC6),(INT(AC6)-1)*32+ROUND(MOD(AC6,1)*100,0),256)>96,(IF(ISNUMBER(AC6),(INT(AC6)-1)*32+ROUND(MOD(AC6,1)*100,0),256)-96)*0.15,0)-IF(IF(ISNUMBER(AC6),(INT(AC6)-1)*32+ROUND(MOD(AC6,1)*100,0),256)>75,8,0)-IF(IF(ISNUMBER(AC6),(INT(AC6)-1)*32+ROUND(MOD(AC6,1)*100,0),256)>10,10,0)))*IF(LOWER(AC6)="udfa",0.45,0.45-MIN(0.1,(IF(ISNUMBER(AC6),(INT(AC6)-1)*32+ROUND(MOD(AC6,1)*100,0),256)/255)*0.1))+(IF(AND(M6>=29,M6<=32),15,15-ABS(30.5-M6)*3)+(O6/110)*12+T6+30+(MIN(15,MAX(0,((P6-4)/3.6)*15))+((Q6/3)*10)+(((S6-2)/1.5)*5))*Z6)*(1-IF(LOWER(AC6)="udfa",0.45,0.45-MIN(0.1,(IF(ISNUMBER(AC6),(INT(AC6)-1)*32+ROUND(MOD(AC6,1)*100,0),256)/255)*0.1)))+MIN(7,MAX(0,(U6/0.4)*7))*Z6+MIN(3,MAX(0,(V6/0.2)*3))*Z6+MIN(3,MAX(0,((W6-2)/2)*3))*Z6+MIN(4,MAX(0,(X6/0.18)*4))*Z6)-60)*5.5,((IF(LOWER(AC6)="udfa",10,100-IF(ISNUMBER(AC6),(INT(AC6)-1)*32+ROUND(MOD(AC6,1)*100,0),256)*0.25-IF(IF(ISNUMBER(AC6),(INT(AC6)-1)*32+ROUND(MOD(AC6,1)*100,0),256)>96,(IF(ISNUMBER(AC6),(INT(AC6)-1)*32+ROUND(MOD(AC6,1)*100,0),256)-96)*0.15,0)-IF(IF(ISNUMBER(AC6),(INT(AC6)-1)*32+ROUND(MOD(AC6,1)*100,0),256)>75,8,0)-IF(IF(ISNUMBER(AC6),(INT(AC6)-1)*32+ROUND(MOD(AC6,1)*100,0),256)>10,10,0)))*IF(LOWER(AC6)="udfa",0.45,0.45-MIN(0.1,(IF(ISNUMBER(AC6),(INT(AC6)-1)*32+ROUND(MOD(AC6,1)*100,0),256)/255)*0.1))+(IF(AND(M6>=29,M6<=32),15,15-ABS(30.5-M6)*3)+(O6/110)*12+T6+30+(MIN(15,MAX(0,((P6-4)/3.6)*15))+((Q6/3)*10)+(((S6-2)/1.5)*5))*Z6)*(1-IF(LOWER(AC6)="udfa",0.45,0.45-MIN(0.1,(IF(ISNUMBER(AC6),(INT(AC6)-1)*32+ROUND(MOD(AC6,1)*100,0),256)/255)*0.1)))+MIN(7,MAX(0,(U6/0.4)*7))*Z6+MIN(3,MAX(0,(V6/0.2)*3))*Z6+MIN(3,MAX(0,((W6-2)/2)*3))*Z6+MIN(4,MAX(0,(X6/0.18)*4))*Z6)+AB6*0.08)+MAX(0,IFERROR(VALUE(AE6),0)))))/103*100,1)) -> 80.1 | AG6: =IF(AF6=-999,"",IF(AF6>=94,"Generational RB",IF(AF6>=86,"Franchise Back",IF(AF6>=77,"Featured Back",IF(AF6>=67,"Flex Starter",IF(AF6>=57,"Handcuff/Upside",IF(AF6>=44,"UDFA"))))))) -> Featured Back | AI6: 4th Rd | AJ6: 4 | AK6: 0 | AL6: 0 | AM6: 0.206 | AN6: 0.324
A7: BAL | B7: 9 | C7: Zone | D7: 9 | E7: =IFERROR(VLOOKUP(A7,Vacancy_Calculator!$A$4:$D$35,2,FALSE()),0) -> 4 | F7: =IF((E7*0.5+B7*0.3+D7*0.2)>=8.5,3,IF((E7*0.5+B7*0.3+D7*0.2)>=7,2,IF((E7*0.5+B7*0.3+D7*0.2)>=5.5,1,IF((E7*0.5+B7*0.3+D7*0.2)>=4,0,-2)))) -> 1 | G7: =IF(F7>=1.25,"Workhorse Situation",IF(F7>=1.15,"Featured Role",IF(F7>=1.05,"Contributor",IF(F7>=1,"Neutral",IF(F7>=0.9,"Competition Risk",IF(F7>=0.8,"Poor Fit","Landmine")))))) -> Neutral | H7: Elite OL; Derrick Henry; limited vacancy | J7: Nick Singleton (PSU) | K7: 72 | L7: 219 | M7: =L7/K7^2*703 -> 29.698495 | N7: 4.35 | O7: =MIN(120,(200*L7)/(N7^4)) -> 120 | P7: 7.54 | Q7: 2.41 | R7: 0.0028 | S7: 2.9 | T7: 7.8 | U7: 0.1998 | V7: 0.0705 | W7: 3.19 | X7: 0.1074 | Y7: =(IF(AND(M7>=29, M7<=32), 15, 15-ABS(30.5-M7)*3)) + ((O7/110)*12) + (((P7-4)/3.6)*15) + ((Q7/3)*10) + (((S7-2)/1.5)*5) + T7 + 30 -> 91.674242 | Z7: 1 | AA7: =ROUND(MIN(20,(T7/10)*20)+MIN(20,MAX(0,(O7/120)*20))+MIN(20,MAX(0,((P7-4)/4)*20))+MIN(15,MAX(0,((S7-1.5)/3)*15))+MIN(15,MAX(0,(U7/0.35)*15))+MIN(10,MAX(0,(V7/0.25)*10)),1) -> 71.7 | AB7: =ROUND(MIN(25,(Q7/3)*25)+MIN(20,MAX(0,(X7/0.2)*20))+MIN(15,MAX(0,(W7/3.5)*15))+IF(ISNUMBER(AC7),MAX(0,40-((INT(AC7)-1)*32+ROUND(MOD(AC7,1)*100,0))*0.18),IF(LOWER(AC7)="udfa",5,25))+MIN(5,MAX(0,((0.02-R7)/0.017)*5)),1) -> 59.8 | AC7: 5.37 | AD7: TEN | AE7: =IF(AD7="","1.00",IFERROR(VLOOKUP(AD7,'RB Model Page'!$A:$F,6,FALSE()),1)) -> -2 | AF7: =IF(AND(LOWER(AC7)="udfa",OR(AD7="N/A",AD7="")),-999,ROUND((MIN(99.9,MAX(0,IF(((IF(LOWER(AC7)="udfa",10,100-IF(ISNUMBER(AC7),(INT(AC7)-1)*32+ROUND(MOD(AC7,1)*100,0),256)*0.25-IF(IF(ISNUMBER(AC7),(INT(AC7)-1)*32+ROUND(MOD(AC7,1)*100,0),256)>96,(IF(ISNUMBER(AC7),(INT(AC7)-1)*32+ROUND(MOD(AC7,1)*100,0),256)-96)*0.15,0)-IF(IF(ISNUMBER(AC7),(INT(AC7)-1)*32+ROUND(MOD(AC7,1)*100,0),256)>75,8,0)-IF(IF(ISNUMBER(AC7),(INT(AC7)-1)*32+ROUND(MOD(AC7,1)*100,0),256)>10,10,0)))*IF(LOWER(AC7)="udfa",0.45,0.45-MIN(0.1,(IF(ISNUMBER(AC7),(INT(AC7)-1)*32+ROUND(MOD(AC7,1)*100,0),256)/255)*0.1))+(IF(AND(M7>=29,M7<=32),15,15-ABS(30.5-M7)*3)+(O7/110)*12+T7+30+(MIN(15,MAX(0,((P7-4)/3.6)*15))+((Q7/3)*10)+(((S7-2)/1.5)*5))*Z7)*(1-IF(LOWER(AC7)="udfa",0.45,0.45-MIN(0.1,(IF(ISNUMBER(AC7),(INT(AC7)-1)*32+ROUND(MOD(AC7,1)*100,0),256)/255)*0.1)))+MIN(7,MAX(0,(U7/0.4)*7))*Z7+MIN(3,MAX(0,(V7/0.2)*3))*Z7+MIN(3,MAX(0,((W7-2)/2)*3))*Z7+MIN(4,MAX(0,(X7/0.18)*4))*Z7)>60,60+SQRT(((IF(LOWER(AC7)="udfa",10,100-IF(ISNUMBER(AC7),(INT(AC7)-1)*32+ROUND(MOD(AC7,1)*100,0),256)*0.25-IF(IF(ISNUMBER(AC7),(INT(AC7)-1)*32+ROUND(MOD(AC7,1)*100,0),256)>96,(IF(ISNUMBER(AC7),(INT(AC7)-1)*32+ROUND(MOD(AC7,1)*100,0),256)-96)*0.15,0)-IF(IF(ISNUMBER(AC7),(INT(AC7)-1)*32+ROUND(MOD(AC7,1)*100,0),256)>75,8,0)-IF(IF(ISNUMBER(AC7),(INT(AC7)-1)*32+ROUND(MOD(AC7,1)*100,0),256)>10,10,0)))*IF(LOWER(AC7)="udfa",0.45,0.45-MIN(0.1,(IF(ISNUMBER(AC7),(INT(AC7)-1)*32+ROUND(MOD(AC7,1)*100,0),256)/255)*0.1))+(IF(AND(M7>=29,M7<=32),15,15-ABS(30.5-M7)*3)+(O7/110)*12+T7+30+(MIN(15,MAX(0,((P7-4)/3.6)*15))+((Q7/3)*10)+(((S7-2)/1.5)*5))*Z7)*(1-IF(LOWER(AC7)="udfa",0.45,0.45-MIN(0.1,(IF(ISNUMBER(AC7),(INT(AC7)-1)*32+ROUND(MOD(AC7,1)*100,0),256)/255)*0.1)))+MIN(7,MAX(0,(U7/0.4)*7))*Z7+MIN(3,MAX(0,(V7/0.2)*3))*Z7+MIN(3,MAX(0,((W7-2)/2)*3))*Z7+MIN(4,MAX(0,(X7/0.18)*4))*Z7)-60)*5.5,((IF(LOWER(AC7)="udfa",10,100-IF(ISNUMBER(AC7),(INT(AC7)-1)*32+ROUND(MOD(AC7,1)*100,0),256)*0.25-IF(IF(ISNUMBER(AC7),(INT(AC7)-1)*32+ROUND(MOD(AC7,1)*100,0),256)>96,(IF(ISNUMBER(AC7),(INT(AC7)-1)*32+ROUND(MOD(AC7,1)*100,0),256)-96)*0.15,0)-IF(IF(ISNUMBER(AC7),(INT(AC7)-1)*32+ROUND(MOD(AC7,1)*100,0),256)>75,8,0)-IF(IF(ISNUMBER(AC7),(INT(AC7)-1)*32+ROUND(MOD(AC7,1)*100,0),256)>10,10,0)))*IF(LOWER(AC7)="udfa",0.45,0.45-MIN(0.1,(IF(ISNUMBER(AC7),(INT(AC7)-1)*32+ROUND(MOD(AC7,1)*100,0),256)/255)*0.1))+(IF(AND(M7>=29,M7<=32),15,15-ABS(30.5-M7)*3)+(O7/110)*12+T7+30+(MIN(15,MAX(0,((P7-4)/3.6)*15))+((Q7/3)*10)+(((S7-2)/1.5)*5))*Z7)*(1-IF(LOWER(AC7)="udfa",0.45,0.45-MIN(0.1,(IF(ISNUMBER(AC7),(INT(AC7)-1)*32+ROUND(MOD(AC7,1)*100,0),256)/255)*0.1)))+MIN(7,MAX(0,(U7/0.4)*7))*Z7+MIN(3,MAX(0,(V7/0.2)*3))*Z7+MIN(3,MAX(0,((W7-2)/2)*3))*Z7+MIN(4,MAX(0,(X7/0.18)*4))*Z7)+AB7*0.08)+MAX(0,IFERROR(VALUE(AE7),0)))))/103*100,1)) -> 80.1 | AG7: =IF(AF7=-999,"",IF(AF7>=94,"Generational RB",IF(AF7>=86,"Franchise Back",IF(AF7>=77,"Featured Back",IF(AF7>=67,"Flex Starter",IF(AF7>=57,"Handcuff/Upside",IF(AF7>=44,"UDFA"))))))) -> Featured Back | AI7: 5th Rd | AJ7: 5 | AK7: 0.04 | AL7: 0.08 | AM7: 0.08 | AN7: 0.12
A8: BUF | B8: 7.5 | C8: Mix | D8: 5 | E8: =IFERROR(VLOOKUP(A8,Vacancy_Calculator!$A$4:$D$35,2,FALSE()),0) -> 0 | F8: =IF((E8*0.5+B8*0.3+D8*0.2)>=8.5,3,IF((E8*0.5+B8*0.3+D8*0.2)>=7,2,IF((E8*0.5+B8*0.3+D8*0.2)>=5.5,1,IF((E8*0.5+B8*0.3+D8*0.2)>=4,0,-2)))) -> -2 | G8: =IF(F8>=1.25,"Workhorse Situation",IF(F8>=1.15,"Featured Role",IF(F8>=1.05,"Contributor",IF(F8>=1,"Neutral",IF(F8>=0.9,"Competition Risk",IF(F8>=0.8,"Poor Fit","Landmine")))))) -> Landmine | H8: Josh Allen usage limits RB role; some vacancy | J8: Emmett Johnson (Nebraska) | K8: 70 | L8: 202 | M8: =L8/K8^2*703 -> 28.980816 | N8: 4.56 | O8: =MIN(120,(200*L8)/(N8^4)) -> 93.437669 | P8: 7.35 | Q8: 3.4 | R8: 0.0066 | S8: 3.2 | T8: 5.85 | U8: 0.2646 | V8: 0.0543 | W8: 3.05 | X8: 0.1261 | Y8: =(IF(AND(M8>=29, M8<=32), 15, 15-ABS(30.5-M8)*3)) + ((O8/110)*12) + (((P8-4)/3.6)*15) + ((Q8/3)*10) + (((S8-2)/1.5)*5) + T8 + 30 -> 85.777316 | Z8: 1 | AA8: =ROUND(MIN(20,(T8/10)*20)+MIN(20,MAX(0,(O8/120)*20))+MIN(20,MAX(0,((P8-4)/4)*20))+MIN(15,MAX(0,((S8-1.5)/3)*15))+MIN(15,MAX(0,(U8/0.35)*15))+MIN(10,MAX(0,(V8/0.25)*10)),1) -> 66 | AB8: =ROUND(MIN(25,(Q8/3)*25)+MIN(20,MAX(0,(X8/0.2)*20))+MIN(15,MAX(0,(W8/3.5)*15))+IF(ISNUMBER(AC8),MAX(0,40-((INT(AC8)-1)*32+ROUND(MOD(AC8,1)*100,0))*0.18),IF(LOWER(AC8)="udfa",5,25))+MIN(5,MAX(0,((0.02-R8)/0.017)*5)),1) -> 65.6 | AC8: 5.33 | AD8: KC | AE8: =IF(AD8="","1.00",IFERROR(VLOOKUP(AD8,'RB Model Page'!$A:$F,6,FALSE()),1)) -> -2 | AF8: =IF(AND(LOWER(AC8)="udfa",OR(AD8="N/A",AD8="")),-999,ROUND((MIN(99.9,MAX(0,IF(((IF(LOWER(AC8)="udfa",10,100-IF(ISNUMBER(AC8),(INT(AC8)-1)*32+ROUND(MOD(AC8,1)*100,0),256)*0.25-IF(IF(ISNUMBER(AC8),(INT(AC8)-1)*32+ROUND(MOD(AC8,1)*100,0),256)>96,(IF(ISNUMBER(AC8),(INT(AC8)-1)*32+ROUND(MOD(AC8,1)*100,0),256)-96)*0.15,0)-IF(IF(ISNUMBER(AC8),(INT(AC8)-1)*32+ROUND(MOD(AC8,1)*100,0),256)>75,8,0)-IF(IF(ISNUMBER(AC8),(INT(AC8)-1)*32+ROUND(MOD(AC8,1)*100,0),256)>10,10,0)))*IF(LOWER(AC8)="udfa",0.45,0.45-MIN(0.1,(IF(ISNUMBER(AC8),(INT(AC8)-1)*32+ROUND(MOD(AC8,1)*100,0),256)/255)*0.1))+(IF(AND(M8>=29,M8<=32),15,15-ABS(30.5-M8)*3)+(O8/110)*12+T8+30+(MIN(15,MAX(0,((P8-4)/3.6)*15))+((Q8/3)*10)+(((S8-2)/1.5)*5))*Z8)*(1-IF(LOWER(AC8)="udfa",0.45,0.45-MIN(0.1,(IF(ISNUMBER(AC8),(INT(AC8)-1)*32+ROUND(MOD(AC8,1)*100,0),256)/255)*0.1)))+MIN(7,MAX(0,(U8/0.4)*7))*Z8+MIN(3,MAX(0,(V8/0.2)*3))*Z8+MIN(3,MAX(0,((W8-2)/2)*3))*Z8+MIN(4,MAX(0,(X8/0.18)*4))*Z8)>60,60+SQRT(((IF(LOWER(AC8)="udfa",10,100-IF(ISNUMBER(AC8),(INT(AC8)-1)*32+ROUND(MOD(AC8,1)*100,0),256)*0.25-IF(IF(ISNUMBER(AC8),(INT(AC8)-1)*32+ROUND(MOD(AC8,1)*100,0),256)>96,(IF(ISNUMBER(AC8),(INT(AC8)-1)*32+ROUND(MOD(AC8,1)*100,0),256)-96)*0.15,0)-IF(IF(ISNUMBER(AC8),(INT(AC8)-1)*32+ROUND(MOD(AC8,1)*100,0),256)>75,8,0)-IF(IF(ISNUMBER(AC8),(INT(AC8)-1)*32+ROUND(MOD(AC8,1)*100,0),256)>10,10,0)))*IF(LOWER(AC8)="udfa",0.45,0.45-MIN(0.1,(IF(ISNUMBER(AC8),(INT(AC8)-1)*32+ROUND(MOD(AC8,1)*100,0),256)/255)*0.1))+(IF(AND(M8>=29,M8<=32),15,15-ABS(30.5-M8)*3)+(O8/110)*12+T8+30+(MIN(15,MAX(0,((P8-4)/3.6)*15))+((Q8/3)*10)+(((S8-2)/1.5)*5))*Z8)*(1-IF(LOWER(AC8)="udfa",0.45,0.45-MIN(0.1,(IF(ISNUMBER(AC8),(INT(AC8)-1)*32+ROUND(MOD(AC8,1)*100,0),256)/255)*0.1)))+MIN(7,MAX(0,(U8/0.4)*7))*Z8+MIN(3,MAX(0,(V8/0.2)*3))*Z8+MIN(3,MAX(0,((W8-2)/2)*3))*Z8+MIN(4,MAX(0,(X8/0.18)*4))*Z8)-60)*5.5,((IF(LOWER(AC8)="udfa",10,100-IF(ISNUMBER(AC8),(INT(AC8)-1)*32+ROUND(MOD(AC8,1)*100,0),256)*0.25-IF(IF(ISNUMBER(AC8),(INT(AC8)-1)*32+ROUND(MOD(AC8,1)*100,0),256)>96,(IF(ISNUMBER(AC8),(INT(AC8)-1)*32+ROUND(MOD(AC8,1)*100,0),256)-96)*0.15,0)-IF(IF(ISNUMBER(AC8),(INT(AC8)-1)*32+ROUND(MOD(AC8,1)*100,0),256)>75,8,0)-IF(IF(ISNUMBER(AC8),(INT(AC8)-1)*32+ROUND(MOD(AC8,1)*100,0),256)>10,10,0)))*IF(LOWER(AC8)="udfa",0.45,0.45-MIN(0.1,(IF(ISNUMBER(AC8),(INT(AC8)-1)*32+ROUND(MOD(AC8,1)*100,0),256)/255)*0.1))+(IF(AND(M8>=29,M8<=32),15,15-ABS(30.5-M8)*3)+(O8/110)*12+T8+30+(MIN(15,MAX(0,((P8-4)/3.6)*15))+((Q8/3)*10)+(((S8-2)/1.5)*5))*Z8)*(1-IF(LOWER(AC8)="udfa",0.45,0.45-MIN(0.1,(IF(ISNUMBER(AC8),(INT(AC8)-1)*32+ROUND(MOD(AC8,1)*100,0),256)/255)*0.1)))+MIN(7,MAX(0,(U8/0.4)*7))*Z8+MIN(3,MAX(0,(V8/0.2)*3))*Z8+MIN(3,MAX(0,((W8-2)/2)*3))*Z8+MIN(4,MAX(0,(X8/0.18)*4))*Z8)+AB8*0.08)+MAX(0,IFERROR(VALUE(AE8),0)))))/103*100,1)) -> 78.8 | AG8: =IF(AF8=-999,"",IF(AF8>=94,"Generational RB",IF(AF8>=86,"Franchise Back",IF(AF8>=77,"Featured Back",IF(AF8>=67,"Flex Starter",IF(AF8>=57,"Handcuff/Upside",IF(AF8>=44,"UDFA"))))))) -> Featured Back | AI8: 6th Rd | AJ8: 6 | AK8: 0 | AL8: 0 | AM8: 0.036 | AN8: 0.071
A9: CAR | B9: 7 | C9: Gap | D9: 6.5 | E9: =IFERROR(VLOOKUP(A9,Vacancy_Calculator!$A$4:$D$35,2,FALSE()),0) -> 10 | F9: =IF((E9*0.5+B9*0.3+D9*0.2)>=8.5,3,IF((E9*0.5+B9*0.3+D9*0.2)>=7,2,IF((E9*0.5+B9*0.3+D9*0.2)>=5.5,1,IF((E9*0.5+B9*0.3+D9*0.2)>=4,0,-2)))) -> 2 | G9: =IF(F9>=1.25,"Workhorse Situation",IF(F9>=1.15,"Featured Role",IF(F9>=1.05,"Contributor",IF(F9>=1,"Neutral",IF(F9>=0.9,"Competition Risk",IF(F9>=0.8,"Poor Fit","Landmine")))))) -> Workhorse Situation | H9: Improved OL; moderate RB usage | J9: Eli Heidenreich (Navy) | K9: 70 | L9: 209 | M9: =L9/K9^2*703 -> 29.985102 | N9: 4.44 | O9: =MIN(120,(200*L9)/(N9^4)) -> 107.55842 | P9: 17.99 | Q9: 3.46 | R9: 0 | S9: 3.2 | T9: 9.12 | U9: 0.2319 | V9: 0.1056 | W9: 3.49 | X9: 0.405 | Y9: =(IF(AND(M9>=29, M9<=32), 15, 15-ABS(30.5-M9)*3)) + ((O9/110)*12) + (((P9-4)/3.6)*15) + ((Q9/3)*10) + (((S9-2)/1.5)*5) + T9 + 30 -> 139.67865 | Z9: 0.85 | AA9: =ROUND(MIN(20,(T9/10)*20)+MIN(20,MAX(0,(O9/120)*20))+MIN(20,MAX(0,((P9-4)/4)*20))+MIN(15,MAX(0,((S9-1.5)/3)*15))+MIN(15,MAX(0,(U9/0.35)*15))+MIN(10,MAX(0,(V9/0.25)*10)),1) -> 78.8 | AB9: =ROUND(MIN(25,(Q9/3)*25)+MIN(20,MAX(0,(X9/0.2)*20))+MIN(15,MAX(0,(W9/3.5)*15))+IF(ISNUMBER(AC9),MAX(0,40-((INT(AC9)-1)*32+ROUND(MOD(AC9,1)*100,0))*0.18),IF(LOWER(AC9)="udfa",5,25))+MIN(5,MAX(0,((0.02-R9)/0.017)*5)),1) -> 67.9 | AC9: 7.14 | AD9: PIT | AE9: =IF(AD9="","1.00",IFERROR(VLOOKUP(AD9,'RB Model Page'!$A:$F,6,FALSE()),1)) -> -2 | AF9: =IF(AND(LOWER(AC9)="udfa",OR(AD9="N/A",AD9="")),-999,ROUND((MIN(99.9,MAX(0,IF(((IF(LOWER(AC9)="udfa",10,100-IF(ISNUMBER(AC9),(INT(AC9)-1)*32+ROUND(MOD(AC9,1)*100,0),256)*0.25-IF(IF(ISNUMBER(AC9),(INT(AC9)-1)*32+ROUND(MOD(AC9,1)*100,0),256)>96,(IF(ISNUMBER(AC9),(INT(AC9)-1)*32+ROUND(MOD(AC9,1)*100,0),256)-96)*0.15,0)-IF(IF(ISNUMBER(AC9),(INT(AC9)-1)*32+ROUND(MOD(AC9,1)*100,0),256)>75,8,0)-IF(IF(ISNUMBER(AC9),(INT(AC9)-1)*32+ROUND(MOD(AC9,1)*100,0),256)>10,10,0)))*IF(LOWER(AC9)="udfa",0.45,0.45-MIN(0.1,(IF(ISNUMBER(AC9),(INT(AC9)-1)*32+ROUND(MOD(AC9,1)*100,0),256)/255)*0.1))+(IF(AND(M9>=29,M9<=32),15,15-ABS(30.5-M9)*3)+(O9/110)*12+T9+30+(MIN(15,MAX(0,((P9-4)/3.6)*15))+((Q9/3)*10)+(((S9-2)/1.5)*5))*Z9)*(1-IF(LOWER(AC9)="udfa",0.45,0.45-MIN(0.1,(IF(ISNUMBER(AC9),(INT(AC9)-1)*32+ROUND(MOD(AC9,1)*100,0),256)/255)*0.1)))+MIN(7,MAX(0,(U9/0.4)*7))*Z9+MIN(3,MAX(0,(V9/0.2)*3))*Z9+MIN(3,MAX(0,((W9-2)/2)*3))*Z9+MIN(4,MAX(0,(X9/0.18)*4))*Z9)>60,60+SQRT(((IF(LOWER(AC9)="udfa",10,100-IF(ISNUMBER(AC9),(INT(AC9)-1)*32+ROUND(MOD(AC9,1)*100,0),256)*0.25-IF(IF(ISNUMBER(AC9),(INT(AC9)-1)*32+ROUND(MOD(AC9,1)*100,0),256)>96,(IF(ISNUMBER(AC9),(INT(AC9)-1)*32+ROUND(MOD(AC9,1)*100,0),256)-96)*0.15,0)-IF(IF(ISNUMBER(AC9),(INT(AC9)-1)*32+ROUND(MOD(AC9,1)*100,0),256)>75,8,0)-IF(IF(ISNUMBER(AC9),(INT(AC9)-1)*32+ROUND(MOD(AC9,1)*100,0),256)>10,10,0)))*IF(LOWER(AC9)="udfa",0.45,0.45-MIN(0.1,(IF(ISNUMBER(AC9),(INT(AC9)-1)*32+ROUND(MOD(AC9,1)*100,0),256)/255)*0.1))+(IF(AND(M9>=29,M9<=32),15,15-ABS(30.5-M9)*3)+(O9/110)*12+T9+30+(MIN(15,MAX(0,((P9-4)/3.6)*15))+((Q9/3)*10)+(((S9-2)/1.5)*5))*Z9)*(1-IF(LOWER(AC9)="udfa",0.45,0.45-MIN(0.1,(IF(ISNUMBER(AC9),(INT(AC9)-1)*32+ROUND(MOD(AC9,1)*100,0),256)/255)*0.1)))+MIN(7,MAX(0,(U9/0.4)*7))*Z9+MIN(3,MAX(0,(V9/0.2)*3))*Z9+MIN(3,MAX(0,((W9-2)/2)*3))*Z9+MIN(4,MAX(0,(X9/0.18)*4))*Z9)-60)*5.5,((IF(LOWER(AC9)="udfa",10,100-IF(ISNUMBER(AC9),(INT(AC9)-1)*32+ROUND(MOD(AC9,1)*100,0),256)*0.25-IF(IF(ISNUMBER(AC9),(INT(AC9)-1)*32+ROUND(MOD(AC9,1)*100,0),256)>96,(IF(ISNUMBER(AC9),(INT(AC9)-1)*32+ROUND(MOD(AC9,1)*100,0),256)-96)*0.15,0)-IF(IF(ISNUMBER(AC9),(INT(AC9)-1)*32+ROUND(MOD(AC9,1)*100,0),256)>75,8,0)-IF(IF(ISNUMBER(AC9),(INT(AC9)-1)*32+ROUND(MOD(AC9,1)*100,0),256)>10,10,0)))*IF(LOWER(AC9)="udfa",0.45,0.45-MIN(0.1,(IF(ISNUMBER(AC9),(INT(AC9)-1)*32+ROUND(MOD(AC9,1)*100,0),256)/255)*0.1))+(IF(AND(M9>=29,M9<=32),15,15-ABS(30.5-M9)*3)+(O9/110)*12+T9+30+(MIN(15,MAX(0,((P9-4)/3.6)*15))+((Q9/3)*10)+(((S9-2)/1.5)*5))*Z9)*(1-IF(LOWER(AC9)="udfa",0.45,0.45-MIN(0.1,(IF(ISNUMBER(AC9),(INT(AC9)-1)*32+ROUND(MOD(AC9,1)*100,0),256)/255)*0.1)))+MIN(7,MAX(0,(U9/0.4)*7))*Z9+MIN(3,MAX(0,(V9/0.2)*3))*Z9+MIN(3,MAX(0,((W9-2)/2)*3))*Z9+MIN(4,MAX(0,(X9/0.18)*4))*Z9)+AB9*0.08)+MAX(0,IFERROR(VALUE(AE9),0)))))/103*100,1)) -> 77.6 | AG9: =IF(AF9=-999,"",IF(AF9>=94,"Generational RB",IF(AF9>=86,"Franchise Back",IF(AF9>=77,"Featured Back",IF(AF9>=67,"Flex Starter",IF(AF9>=57,"Handcuff/Upside",IF(AF9>=44,"UDFA"))))))) -> Featured Back
A10: CHI | B10: 8.5 | C10: Zone | D10: 6 | E10: =IFERROR(VLOOKUP(A10,Vacancy_Calculator!$A$4:$D$35,2,FALSE()),0) -> 2 | F10: =IF((E10*0.5+B10*0.3+D10*0.2)>=8.5,3,IF((E10*0.5+B10*0.3+D10*0.2)>=7,2,IF((E10*0.5+B10*0.3+D10*0.2)>=5.5,1,IF((E10*0.5+B10*0.3+D10*0.2)>=4,0,-2)))) -> 0 | G10: =IF(F10>=1.25,"Workhorse Situation",IF(F10>=1.15,"Featured Role",IF(F10>=1.05,"Contributor",IF(F10>=1,"Neutral",IF(F10>=0.9,"Competition Risk",IF(F10>=0.8,"Poor Fit","Landmine")))))) -> Landmine | H10: Elite OL post-rebuild; D'Andre Swift role to watch | J10: Adam Randall (Clemson) | K10: 74 | L10: 225 | M10: =L10/K10^2*703 -> 28.885135 | N10: 4.5 | O10: =MIN(120,(200*L10)/(N10^4)) -> 109.73937 | P10: 7.31 | Q10: 2.08 | R10: 0.0089 | S10: 3.4 | T10: 9.42 | U10: 0.1239 | V10: 0.0523 | W10: 3.3 | X10: 0.0857 | Y10: =(IF(AND(M10>=29, M10<=32), 15, 15-ABS(30.5-M10)*3)) + ((O10/110)*12) + (((P10-4)/3.6)*15) + ((Q10/3)*10) + (((S10-2)/1.5)*5) + T10 + 30 -> 86.93864 | Z10: 1 | AA10: =ROUND(MIN(20,(T10/10)*20)+MIN(20,MAX(0,(O10/120)*20))+MIN(20,MAX(0,((P10-4)/4)*20))+MIN(15,MAX(0,((S10-1.5)/3)*15))+MIN(15,MAX(0,(U10/0.35)*15))+MIN(10,MAX(0,(V10/0.25)*10)),1) -> 70.6 | AB10: =ROUND(MIN(25,(Q10/3)*25)+MIN(20,MAX(0,(X10/0.2)*20))+MIN(15,MAX(0,(W10/3.5)*15))+IF(ISNUMBER(AC10),MAX(0,40-((INT(AC10)-1)*32+ROUND(MOD(AC10,1)*100,0))*0.18),IF(LOWER(AC10)="udfa",5,25))+MIN(5,MAX(0,((0.02-R10)/0.017)*5)),1) -> 52 | AC10: 6.14 | AD10: BAL | AE10: =IF(AD10="","1.00",IFERROR(VLOOKUP(AD10,'RB Model Page'!$A:$F,6,FALSE()),1)) -> 1 | AF10: =IF(AND(LOWER(AC10)="udfa",OR(AD10="N/A",AD10="")),-999,ROUND((MIN(99.9,MAX(0,IF(((IF(LOWER(AC10)="udfa",10,100-IF(ISNUMBER(AC10),(INT(AC10)-1)*32+ROUND(MOD(AC10,1)*100,0),256)*0.25-IF(IF(ISNUMBER(AC10),(INT(AC10)-1)*32+ROUND(MOD(AC10,1)*100,0),256)>96,(IF(ISNUMBER(AC10),(INT(AC10)-1)*32+ROUND(MOD(AC10,1)*100,0),256)-96)*0.15,0)-IF(IF(ISNUMBER(AC10),(INT(AC10)-1)*32+ROUND(MOD(AC10,1)*100,0),256)>75,8,0)-IF(IF(ISNUMBER(AC10),(INT(AC10)-1)*32+ROUND(MOD(AC10,1)*100,0),256)>10,10,0)))*IF(LOWER(AC10)="udfa",0.45,0.45-MIN(0.1,(IF(ISNUMBER(AC10),(INT(AC10)-1)*32+ROUND(MOD(AC10,1)*100,0),256)/255)*0.1))+(IF(AND(M10>=29,M10<=32),15,15-ABS(30.5-M10)*3)+(O10/110)*12+T10+30+(MIN(15,MAX(0,((P10-4)/3.6)*15))+((Q10/3)*10)+(((S10-2)/1.5)*5))*Z10)*(1-IF(LOWER(AC10)="udfa",0.45,0.45-MIN(0.1,(IF(ISNUMBER(AC10),(INT(AC10)-1)*32+ROUND(MOD(AC10,1)*100,0),256)/255)*0.1)))+MIN(7,MAX(0,(U10/0.4)*7))*Z10+MIN(3,MAX(0,(V10/0.2)*3))*Z10+MIN(3,MAX(0,((W10-2)/2)*3))*Z10+MIN(4,MAX(0,(X10/0.18)*4))*Z10)>60,60+SQRT(((IF(LOWER(AC10)="udfa",10,100-IF(ISNUMBER(AC10),(INT(AC10)-1)*32+ROUND(MOD(AC10,1)*100,0),256)*0.25-IF(IF(ISNUMBER(AC10),(INT(AC10)-1)*32+ROUND(MOD(AC10,1)*100,0),256)>96,(IF(ISNUMBER(AC10),(INT(AC10)-1)*32+ROUND(MOD(AC10,1)*100,0),256)-96)*0.15,0)-IF(IF(ISNUMBER(AC10),(INT(AC10)-1)*32+ROUND(MOD(AC10,1)*100,0),256)>75,8,0)-IF(IF(ISNUMBER(AC10),(INT(AC10)-1)*32+ROUND(MOD(AC10,1)*100,0),256)>10,10,0)))*IF(LOWER(AC10)="udfa",0.45,0.45-MIN(0.1,(IF(ISNUMBER(AC10),(INT(AC10)-1)*32+ROUND(MOD(AC10,1)*100,0),256)/255)*0.1))+(IF(AND(M10>=29,M10<=32),15,15-ABS(30.5-M10)*3)+(O10/110)*12+T10+30+(MIN(15,MAX(0,((P10-4)/3.6)*15))+((Q10/3)*10)+(((S10-2)/1.5)*5))*Z10)*(1-IF(LOWER(AC10)="udfa",0.45,0.45-MIN(0.1,(IF(ISNUMBER(AC10),(INT(AC10)-1)*32+ROUND(MOD(AC10,1)*100,0),256)/255)*0.1)))+MIN(7,MAX(0,(U10/0.4)*7))*Z10+MIN(3,MAX(0,(V10/0.2)*3))*Z10+MIN(3,MAX(0,((W10-2)/2)*3))*Z10+MIN(4,MAX(0,(X10/0.18)*4))*Z10)-60)*5.5,((IF(LOWER(AC10)="udfa",10,100-IF(ISNUMBER(AC10),(INT(AC10)-1)*32+ROUND(MOD(AC10,1)*100,0),256)*0.25-IF(IF(ISNUMBER(AC10),(INT(AC10)-1)*32+ROUND(MOD(AC10,1)*100,0),256)>96,(IF(ISNUMBER(AC10),(INT(AC10)-1)*32+ROUND(MOD(AC10,1)*100,0),256)-96)*0.15,0)-IF(IF(ISNUMBER(AC10),(INT(AC10)-1)*32+ROUND(MOD(AC10,1)*100,0),256)>75,8,0)-IF(IF(ISNUMBER(AC10),(INT(AC10)-1)*32+ROUND(MOD(AC10,1)*100,0),256)>10,10,0)))*IF(LOWER(AC10)="udfa",0.45,0.45-MIN(0.1,(IF(ISNUMBER(AC10),(INT(AC10)-1)*32+ROUND(MOD(AC10,1)*100,0),256)/255)*0.1))+(IF(AND(M10>=29,M10<=32),15,15-ABS(30.5-M10)*3)+(O10/110)*12+T10+30+(MIN(15,MAX(0,((P10-4)/3.6)*15))+((Q10/3)*10)+(((S10-2)/1.5)*5))*Z10)*(1-IF(LOWER(AC10)="udfa",0.45,0.45-MIN(0.1,(IF(ISNUMBER(AC10),(INT(AC10)-1)*32+ROUND(MOD(AC10,1)*100,0),256)/255)*0.1)))+MIN(7,MAX(0,(U10/0.4)*7))*Z10+MIN(3,MAX(0,(V10/0.2)*3))*Z10+MIN(3,MAX(0,((W10-2)/2)*3))*Z10+MIN(4,MAX(0,(X10/0.18)*4))*Z10)+AB10*0.08)+MAX(0,IFERROR(VALUE(AE10),0)))))/103*100,1)) -> 76.8 | AG10: =IF(AF10=-999,"",IF(AF10>=94,"Generational RB",IF(AF10>=86,"Franchise Back",IF(AF10>=77,"Featured Back",IF(AF10>=67,"Flex Starter",IF(AF10>=57,"Handcuff/Upside",IF(AF10>=44,"UDFA"))))))) -> Flex Starter | AI10: * Only draft RBs that were selected in 1st or 2nd round of actual NFL Draft (3rd round and back are extreme long shots
A11: CIN | B11: 5 | C11: Mix | D11: 5.5 | E11: =IFERROR(VLOOKUP(A11,Vacancy_Calculator!$A$4:$D$35,2,FALSE()),0) -> 0 | F11: =IF((E11*0.5+B11*0.3+D11*0.2)>=8.5,3,IF((E11*0.5+B11*0.3+D11*0.2)>=7,2,IF((E11*0.5+B11*0.3+D11*0.2)>=5.5,1,IF((E11*0.5+B11*0.3+D11*0.2)>=4,0,-2)))) -> -2 | G11: =IF(F11>=1.25,"Workhorse Situation",IF(F11>=1.15,"Featured Role",IF(F11>=1.05,"Contributor",IF(F11>=1,"Neutral",IF(F11>=0.9,"Competition Risk",IF(F11>=0.8,"Poor Fit","Landmine")))))) -> Landmine | H11: Poor OL historically; some vacancy | J11: Kaytron Allen (PSU) | K11: 71 | L11: 216 | M11: =L11/K11^2*703 -> 30.122595 | N11: 4.56 | O11: =MIN(120,(200*L11)/(N11^4)) -> 99.913547 | P11: 6.12 | Q11: 1.29 | R11: 0.0043 | S11: 2.8 | T11: 5.8 | U11: 0.2319 | V11: 0.0699 | W11: 3.5 | X11: 0.0659 | Y11: =(IF(AND(M11>=29, M11<=32), 15, 15-ABS(30.5-M11)*3)) + ((O11/110)*12) + (((P11-4)/3.6)*15) + ((Q11/3)*10) + (((S11-2)/1.5)*5) + T11 + 30 -> 77.49966 | Z11: 1 | AA11: =ROUND(MIN(20,(T11/10)*20)+MIN(20,MAX(0,(O11/120)*20))+MIN(20,MAX(0,((P11-4)/4)*20))+MIN(15,MAX(0,((S11-1.5)/3)*15))+MIN(15,MAX(0,(U11/0.35)*15))+MIN(10,MAX(0,(V11/0.25)*10)),1) -> 58.1 | AB11: =ROUND(MIN(25,(Q11/3)*25)+MIN(20,MAX(0,(X11/0.2)*20))+MIN(15,MAX(0,(W11/3.5)*15))+IF(ISNUMBER(AC11),MAX(0,40-((INT(AC11)-1)*32+ROUND(MOD(AC11,1)*100,0))*0.18),IF(LOWER(AC11)="udfa",5,25))+MIN(5,MAX(0,((0.02-R11)/0.017)*5)),1) -> 43.3 | AC11: 6.27 | AD11: WAS | AE11: =IF(AD11="","1.00",IFERROR(VLOOKUP(AD11,'RB Model Page'!$A:$F,6,FALSE()),1)) -> 0 | AF11: =IF(AND(LOWER(AC11)="udfa",OR(AD11="N/A",AD11="")),-999,ROUND((MIN(99.9,MAX(0,IF(((IF(LOWER(AC11)="udfa",10,100-IF(ISNUMBER(AC11),(INT(AC11)-1)*32+ROUND(MOD(AC11,1)*100,0),256)*0.25-IF(IF(ISNUMBER(AC11),(INT(AC11)-1)*32+ROUND(MOD(AC11,1)*100,0),256)>96,(IF(ISNUMBER(AC11),(INT(AC11)-1)*32+ROUND(MOD(AC11,1)*100,0),256)-96)*0.15,0)-IF(IF(ISNUMBER(AC11),(INT(AC11)-1)*32+ROUND(MOD(AC11,1)*100,0),256)>75,8,0)-IF(IF(ISNUMBER(AC11),(INT(AC11)-1)*32+ROUND(MOD(AC11,1)*100,0),256)>10,10,0)))*IF(LOWER(AC11)="udfa",0.45,0.45-MIN(0.1,(IF(ISNUMBER(AC11),(INT(AC11)-1)*32+ROUND(MOD(AC11,1)*100,0),256)/255)*0.1))+(IF(AND(M11>=29,M11<=32),15,15-ABS(30.5-M11)*3)+(O11/110)*12+T11+30+(MIN(15,MAX(0,((P11-4)/3.6)*15))+((Q11/3)*10)+(((S11-2)/1.5)*5))*Z11)*(1-IF(LOWER(AC11)="udfa",0.45,0.45-MIN(0.1,(IF(ISNUMBER(AC11),(INT(AC11)-1)*32+ROUND(MOD(AC11,1)*100,0),256)/255)*0.1)))+MIN(7,MAX(0,(U11/0.4)*7))*Z11+MIN(3,MAX(0,(V11/0.2)*3))*Z11+MIN(3,MAX(0,((W11-2)/2)*3))*Z11+MIN(4,MAX(0,(X11/0.18)*4))*Z11)>60,60+SQRT(((IF(LOWER(AC11)="udfa",10,100-IF(ISNUMBER(AC11),(INT(AC11)-1)*32+ROUND(MOD(AC11,1)*100,0),256)*0.25-IF(IF(ISNUMBER(AC11),(INT(AC11)-1)*32+ROUND(MOD(AC11,1)*100,0),256)>96,(IF(ISNUMBER(AC11),(INT(AC11)-1)*32+ROUND(MOD(AC11,1)*100,0),256)-96)*0.15,0)-IF(IF(ISNUMBER(AC11),(INT(AC11)-1)*32+ROUND(MOD(AC11,1)*100,0),256)>75,8,0)-IF(IF(ISNUMBER(AC11),(INT(AC11)-1)*32+ROUND(MOD(AC11,1)*100,0),256)>10,10,0)))*IF(LOWER(AC11)="udfa",0.45,0.45-MIN(0.1,(IF(ISNUMBER(AC11),(INT(AC11)-1)*32+ROUND(MOD(AC11,1)*100,0),256)/255)*0.1))+(IF(AND(M11>=29,M11<=32),15,15-ABS(30.5-M11)*3)+(O11/110)*12+T11+30+(MIN(15,MAX(0,((P11-4)/3.6)*15))+((Q11/3)*10)+(((S11-2)/1.5)*5))*Z11)*(1-IF(LOWER(AC11)="udfa",0.45,0.45-MIN(0.1,(IF(ISNUMBER(AC11),(INT(AC11)-1)*32+ROUND(MOD(AC11,1)*100,0),256)/255)*0.1)))+MIN(7,MAX(0,(U11/0.4)*7))*Z11+MIN(3,MAX(0,(V11/0.2)*3))*Z11+MIN(3,MAX(0,((W11-2)/2)*3))*Z11+MIN(4,MAX(0,(X11/0.18)*4))*Z11)-60)*5.5,((IF(LOWER(AC11)="udfa",10,100-IF(ISNUMBER(AC11),(INT(AC11)-1)*32+ROUND(MOD(AC11,1)*100,0),256)*0.25-IF(IF(ISNUMBER(AC11),(INT(AC11)-1)*32+ROUND(MOD(AC11,1)*100,0),256)>96,(IF(ISNUMBER(AC11),(INT(AC11)-1)*32+ROUND(MOD(AC11,1)*100,0),256)-96)*0.15,0)-IF(IF(ISNUMBER(AC11),(INT(AC11)-1)*32+ROUND(MOD(AC11,1)*100,0),256)>75,8,0)-IF(IF(ISNUMBER(AC11),(INT(AC11)-1)*32+ROUND(MOD(AC11,1)*100,0),256)>10,10,0)))*IF(LOWER(AC11)="udfa",0.45,0.45-MIN(0.1,(IF(ISNUMBER(AC11),(INT(AC11)-1)*32+ROUND(MOD(AC11,1)*100,0),256)/255)*0.1))+(IF(AND(M11>=29,M11<=32),15,15-ABS(30.5-M11)*3)+(O11/110)*12+T11+30+(MIN(15,MAX(0,((P11-4)/3.6)*15))+((Q11/3)*10)+(((S11-2)/1.5)*5))*Z11)*(1-IF(LOWER(AC11)="udfa",0.45,0.45-MIN(0.1,(IF(ISNUMBER(AC11),(INT(AC11)-1)*32+ROUND(MOD(AC11,1)*100,0),256)/255)*0.1)))+MIN(7,MAX(0,(U11/0.4)*7))*Z11+MIN(3,MAX(0,(V11/0.2)*3))*Z11+MIN(3,MAX(0,((W11-2)/2)*3))*Z11+MIN(4,MAX(0,(X11/0.18)*4))*Z11)+AB11*0.08)+MAX(0,IFERROR(VALUE(AE11),0)))))/103*100,1)) -> 70.5 | AG11: =IF(AF11=-999,"",IF(AF11>=94,"Generational RB",IF(AF11>=86,"Franchise Back",IF(AF11>=77,"Featured Back",IF(AF11>=67,"Flex Starter",IF(AF11>=57,"Handcuff/Upside",IF(AF11>=44,"UDFA"))))))) -> Flex Starter | AI11: * Rd1 RBs average around 246 touches in rookie season and 70% chance to finish RB2 or better. Top 12 RB at a 75% rate w/in 1st the seasons. Rd 2 RB drops to 26% hit rate.
A12: CLE | B12: 6 | C12: Gap | D12: 6 | E12: =IFERROR(VLOOKUP(A12,Vacancy_Calculator!$A$4:$D$35,2,FALSE()),0) -> 4 | F12: =IF((E12*0.5+B12*0.3+D12*0.2)>=8.5,3,IF((E12*0.5+B12*0.3+D12*0.2)>=7,2,IF((E12*0.5+B12*0.3+D12*0.2)>=5.5,1,IF((E12*0.5+B12*0.3+D12*0.2)>=4,0,-2)))) -> 0 | G12: =IF(F12>=1.25,"Workhorse Situation",IF(F12>=1.15,"Featured Role",IF(F12>=1.05,"Contributor",IF(F12>=1,"Neutral",IF(F12>=0.9,"Competition Risk",IF(F12>=0.8,"Poor Fit","Landmine")))))) -> Landmine | H12: Average OL; rebuilding backfield | J12: Seth McGowan (Kentucky) | K12: 72 | L12: 223 | M12: =L12/K12^2*703 -> 30.240934 | N12: 4.49 | O12: =MIN(120,(200*L12)/(N12^4)) -> 109.73609 | P12: 6.11 | Q12: 1.83 | R12: 0.0138 | S12: 3.9 | T12: 9.63 | U12: 0.2412 | V12: 0.0594 | W12: 3.22 | X12: 0.1048 | Y12: =(IF(AND(M12>=29, M12<=32), 15, 15-ABS(30.5-M12)*3)) + ((O12/110)*12) + (((P12-4)/3.6)*15) + ((Q12/3)*10) + (((S12-2)/1.5)*5) + T12 + 30 -> 87.82621 | Z12: 1 | AA12: =ROUND(MIN(20,(T12/10)*20)+MIN(20,MAX(0,(O12/120)*20))+MIN(20,MAX(0,((P12-4)/4)*20))+MIN(15,MAX(0,((S12-1.5)/3)*15))+MIN(15,MAX(0,(U12/0.35)*15))+MIN(10,MAX(0,(V12/0.25)*10)),1) -> 72.8 | AB12: =ROUND(MIN(25,(Q12/3)*25)+MIN(20,MAX(0,(X12/0.2)*20))+MIN(15,MAX(0,(W12/3.5)*15))+IF(ISNUMBER(AC12),MAX(0,40-((INT(AC12)-1)*32+ROUND(MOD(AC12,1)*100,0))*0.18),IF(LOWER(AC12)="udfa",5,25))+MIN(5,MAX(0,((0.02-R12)/0.017)*5)),1) -> 46.4 | AC12: UDFA | AD12: IND | AE12: =IF(AD12="","1.00",IFERROR(VLOOKUP(AD12,'RB Model Page'!$A:$F,6,FALSE()),1)) -> 0 | AF12: =IF(AND(LOWER(AC12)="udfa",OR(AD12="N/A",AD12="")),-999,ROUND((MIN(99.9,MAX(0,IF(((IF(LOWER(AC12)="udfa",10,100-IF(ISNUMBER(AC12),(INT(AC12)-1)*32+ROUND(MOD(AC12,1)*100,0),256)*0.25-IF(IF(ISNUMBER(AC12),(INT(AC12)-1)*32+ROUND(MOD(AC12,1)*100,0),256)>96,(IF(ISNUMBER(AC12),(INT(AC12)-1)*32+ROUND(MOD(AC12,1)*100,0),256)-96)*0.15,0)-IF(IF(ISNUMBER(AC12),(INT(AC12)-1)*32+ROUND(MOD(AC12,1)*100,0),256)>75,8,0)-IF(IF(ISNUMBER(AC12),(INT(AC12)-1)*32+ROUND(MOD(AC12,1)*100,0),256)>10,10,0)))*IF(LOWER(AC12)="udfa",0.45,0.45-MIN(0.1,(IF(ISNUMBER(AC12),(INT(AC12)-1)*32+ROUND(MOD(AC12,1)*100,0),256)/255)*0.1))+(IF(AND(M12>=29,M12<=32),15,15-ABS(30.5-M12)*3)+(O12/110)*12+T12+30+(MIN(15,MAX(0,((P12-4)/3.6)*15))+((Q12/3)*10)+(((S12-2)/1.5)*5))*Z12)*(1-IF(LOWER(AC12)="udfa",0.45,0.45-MIN(0.1,(IF(ISNUMBER(AC12),(INT(AC12)-1)*32+ROUND(MOD(AC12,1)*100,0),256)/255)*0.1)))+MIN(7,MAX(0,(U12/0.4)*7))*Z12+MIN(3,MAX(0,(V12/0.2)*3))*Z12+MIN(3,MAX(0,((W12-2)/2)*3))*Z12+MIN(4,MAX(0,(X12/0.18)*4))*Z12)>60,60+SQRT(((IF(LOWER(AC12)="udfa",10,100-IF(ISNUMBER(AC12),(INT(AC12)-1)*32+ROUND(MOD(AC12,1)*100,0),256)*0.25-IF(IF(ISNUMBER(AC12),(INT(AC12)-1)*32+ROUND(MOD(AC12,1)*100,0),256)>96,(IF(ISNUMBER(AC12),(INT(AC12)-1)*32+ROUND(MOD(AC12,1)*100,0),256)-96)*0.15,0)-IF(IF(ISNUMBER(AC12),(INT(AC12)-1)*32+ROUND(MOD(AC12,1)*100,0),256)>75,8,0)-IF(IF(ISNUMBER(AC12),(INT(AC12)-1)*32+ROUND(MOD(AC12,1)*100,0),256)>10,10,0)))*IF(LOWER(AC12)="udfa",0.45,0.45-MIN(0.1,(IF(ISNUMBER(AC12),(INT(AC12)-1)*32+ROUND(MOD(AC12,1)*100,0),256)/255)*0.1))+(IF(AND(M12>=29,M12<=32),15,15-ABS(30.5-M12)*3)+(O12/110)*12+T12+30+(MIN(15,MAX(0,((P12-4)/3.6)*15))+((Q12/3)*10)+(((S12-2)/1.5)*5))*Z12)*(1-IF(LOWER(AC12)="udfa",0.45,0.45-MIN(0.1,(IF(ISNUMBER(AC12),(INT(AC12)-1)*32+ROUND(MOD(AC12,1)*100,0),256)/255)*0.1)))+MIN(7,MAX(0,(U12/0.4)*7))*Z12+MIN(3,MAX(0,(V12/0.2)*3))*Z12+MIN(3,MAX(0,((W12-2)/2)*3))*Z12+MIN(4,MAX(0,(X12/0.18)*4))*Z12)-60)*5.5,((IF(LOWER(AC12)="udfa",10,100-IF(ISNUMBER(AC12),(INT(AC12)-1)*32+ROUND(MOD(AC12,1)*100,0),256)*0.25-IF(IF(ISNUMBER(AC12),(INT(AC12)-1)*32+ROUND(MOD(AC12,1)*100,0),256)>96,(IF(ISNUMBER(AC12),(INT(AC12)-1)*32+ROUND(MOD(AC12,1)*100,0),256)-96)*0.15,0)-IF(IF(ISNUMBER(AC12),(INT(AC12)-1)*32+ROUND(MOD(AC12,1)*100,0),256)>75,8,0)-IF(IF(ISNUMBER(AC12),(INT(AC12)-1)*32+ROUND(MOD(AC12,1)*100,0),256)>10,10,0)))*IF(LOWER(AC12)="udfa",0.45,0.45-MIN(0.1,(IF(ISNUMBER(AC12),(INT(AC12)-1)*32+ROUND(MOD(AC12,1)*100,0),256)/255)*0.1))+(IF(AND(M12>=29,M12<=32),15,15-ABS(30.5-M12)*3)+(O12/110)*12+T12+30+(MIN(15,MAX(0,((P12-4)/3.6)*15))+((Q12/3)*10)+(((S12-2)/1.5)*5))*Z12)*(1-IF(LOWER(AC12)="udfa",0.45,0.45-MIN(0.1,(IF(ISNUMBER(AC12),(INT(AC12)-1)*32+ROUND(MOD(AC12,1)*100,0),256)/255)*0.1)))+MIN(7,MAX(0,(U12/0.4)*7))*Z12+MIN(3,MAX(0,(V12/0.2)*3))*Z12+MIN(3,MAX(0,((W12-2)/2)*3))*Z12+MIN(4,MAX(0,(X12/0.18)*4))*Z12)+AB12*0.08)+MAX(0,IFERROR(VALUE(AE12),0)))))/103*100,1)) -> 65.9 | AG12: =IF(AF12=-999,"",IF(AF12>=94,"Generational RB",IF(AF12>=86,"Franchise Back",IF(AF12>=77,"Featured Back",IF(AF12>=67,"Flex Starter",IF(AF12>=57,"Handcuff/Upside",IF(AF12>=44,"UDFA"))))))) -> Handcuff/Upside
A13: DAL | B13: 7.5 | C13: Zone | D13: 7 | E13: =IFERROR(VLOOKUP(A13,Vacancy_Calculator!$A$4:$D$35,2,FALSE()),0) -> 2 | F13: =IF((E13*0.5+B13*0.3+D13*0.2)>=8.5,3,IF((E13*0.5+B13*0.3+D13*0.2)>=7,2,IF((E13*0.5+B13*0.3+D13*0.2)>=5.5,1,IF((E13*0.5+B13*0.3+D13*0.2)>=4,0,-2)))) -> 0 | G13: =IF(F13>=1.25,"Workhorse Situation",IF(F13>=1.15,"Featured Role",IF(F13>=1.05,"Contributor",IF(F13>=1,"Neutral",IF(F13>=0.9,"Competition Risk",IF(F13>=0.8,"Poor Fit","Landmine")))))) -> Landmine | H13: Strong OL; Pollard gone; moderate vacancy | J13: Desmond Reid (Pitt) | K13: 66 | L13: 174 | M13: =L13/K13^2*703 -> 28.081267 | N13: 4.45 | O13: =MIN(120,(200*L13)/(N13^4)) -> 88.744041 | P13: 8.72 | Q13: 4.11 | R13: 0 | S13: 3.8 | T13: 7.5 | U13: 0.188 | V13: 0.065 | W13: 2.86 | X13: 0.1047 | Y13: =(IF(AND(M13>=29, M13<=32), 15, 15-ABS(30.5-M13)*3)) + ((O13/110)*12) + (((P13-4)/3.6)*15) + ((Q13/3)*10) + (((S13-2)/1.5)*5) + T13 + 30 -> 94.291636 | Z13: 1 | AA13: =ROUND(MIN(20,(T13/10)*20)+MIN(20,MAX(0,(O13/120)*20))+MIN(20,MAX(0,((P13-4)/4)*20))+MIN(15,MAX(0,((S13-1.5)/3)*15))+MIN(15,MAX(0,(U13/0.35)*15))+MIN(10,MAX(0,(V13/0.25)*10)),1) -> 71.9 | AB13: =ROUND(MIN(25,(Q13/3)*25)+MIN(20,MAX(0,(X13/0.2)*20))+MIN(15,MAX(0,(W13/3.5)*15))+IF(ISNUMBER(AC13),MAX(0,40-((INT(AC13)-1)*32+ROUND(MOD(AC13,1)*100,0))*0.18),IF(LOWER(AC13)="udfa",5,25))+MIN(5,MAX(0,((0.02-R13)/0.017)*5)),1) -> 57.7 | AC13: UDFA | AD13: BUF | AE13: =IF(AD13="","1.00",IFERROR(VLOOKUP(AD13,'RB Model Page'!$A:$F,6,FALSE()),1)) -> -2 | AF13: =IF(AND(LOWER(AC13)="udfa",OR(AD13="N/A",AD13="")),-999,ROUND((MIN(99.9,MAX(0,IF(((IF(LOWER(AC13)="udfa",10,100-IF(ISNUMBER(AC13),(INT(AC13)-1)*32+ROUND(MOD(AC13,1)*100,0),256)*0.25-IF(IF(ISNUMBER(AC13),(INT(AC13)-1)*32+ROUND(MOD(AC13,1)*100,0),256)>96,(IF(ISNUMBER(AC13),(INT(AC13)-1)*32+ROUND(MOD(AC13,1)*100,0),256)-96)*0.15,0)-IF(IF(ISNUMBER(AC13),(INT(AC13)-1)*32+ROUND(MOD(AC13,1)*100,0),256)>75,8,0)-IF(IF(ISNUMBER(AC13),(INT(AC13)-1)*32+ROUND(MOD(AC13,1)*100,0),256)>10,10,0)))*IF(LOWER(AC13)="udfa",0.45,0.45-MIN(0.1,(IF(ISNUMBER(AC13),(INT(AC13)-1)*32+ROUND(MOD(AC13,1)*100,0),256)/255)*0.1))+(IF(AND(M13>=29,M13<=32),15,15-ABS(30.5-M13)*3)+(O13/110)*12+T13+30+(MIN(15,MAX(0,((P13-4)/3.6)*15))+((Q13/3)*10)+(((S13-2)/1.5)*5))*Z13)*(1-IF(LOWER(AC13)="udfa",0.45,0.45-MIN(0.1,(IF(ISNUMBER(AC13),(INT(AC13)-1)*32+ROUND(MOD(AC13,1)*100,0),256)/255)*0.1)))+MIN(7,MAX(0,(U13/0.4)*7))*Z13+MIN(3,MAX(0,(V13/0.2)*3))*Z13+MIN(3,MAX(0,((W13-2)/2)*3))*Z13+MIN(4,MAX(0,(X13/0.18)*4))*Z13)>60,60+SQRT(((IF(LOWER(AC13)="udfa",10,100-IF(ISNUMBER(AC13),(INT(AC13)-1)*32+ROUND(MOD(AC13,1)*100,0),256)*0.25-IF(IF(ISNUMBER(AC13),(INT(AC13)-1)*32+ROUND(MOD(AC13,1)*100,0),256)>96,(IF(ISNUMBER(AC13),(INT(AC13)-1)*32+ROUND(MOD(AC13,1)*100,0),256)-96)*0.15,0)-IF(IF(ISNUMBER(AC13),(INT(AC13)-1)*32+ROUND(MOD(AC13,1)*100,0),256)>75,8,0)-IF(IF(ISNUMBER(AC13),(INT(AC13)-1)*32+ROUND(MOD(AC13,1)*100,0),256)>10,10,0)))*IF(LOWER(AC13)="udfa",0.45,0.45-MIN(0.1,(IF(ISNUMBER(AC13),(INT(AC13)-1)*32+ROUND(MOD(AC13,1)*100,0),256)/255)*0.1))+(IF(AND(M13>=29,M13<=32),15,15-ABS(30.5-M13)*3)+(O13/110)*12+T13+30+(MIN(15,MAX(0,((P13-4)/3.6)*15))+((Q13/3)*10)+(((S13-2)/1.5)*5))*Z13)*(1-IF(LOWER(AC13)="udfa",0.45,0.45-MIN(0.1,(IF(ISNUMBER(AC13),(INT(AC13)-1)*32+ROUND(MOD(AC13,1)*100,0),256)/255)*0.1)))+MIN(7,MAX(0,(U13/0.4)*7))*Z13+MIN(3,MAX(0,(V13/0.2)*3))*Z13+MIN(3,MAX(0,((W13-2)/2)*3))*Z13+MIN(4,MAX(0,(X13/0.18)*4))*Z13)-60)*5.5,((IF(LOWER(AC13)="udfa",10,100-IF(ISNUMBER(AC13),(INT(AC13)-1)*32+ROUND(MOD(AC13,1)*100,0),256)*0.25-IF(IF(ISNUMBER(AC13),(INT(AC13)-1)*32+ROUND(MOD(AC13,1)*100,0),256)>96,(IF(ISNUMBER(AC13),(INT(AC13)-1)*32+ROUND(MOD(AC13,1)*100,0),256)-96)*0.15,0)-IF(IF(ISNUMBER(AC13),(INT(AC13)-1)*32+ROUND(MOD(AC13,1)*100,0),256)>75,8,0)-IF(IF(ISNUMBER(AC13),(INT(AC13)-1)*32+ROUND(MOD(AC13,1)*100,0),256)>10,10,0)))*IF(LOWER(AC13)="udfa",0.45,0.45-MIN(0.1,(IF(ISNUMBER(AC13),(INT(AC13)-1)*32+ROUND(MOD(AC13,1)*100,0),256)/255)*0.1))+(IF(AND(M13>=29,M13<=32),15,15-ABS(30.5-M13)*3)+(O13/110)*12+T13+30+(MIN(15,MAX(0,((P13-4)/3.6)*15))+((Q13/3)*10)+(((S13-2)/1.5)*5))*Z13)*(1-IF(LOWER(AC13)="udfa",0.45,0.45-MIN(0.1,(IF(ISNUMBER(AC13),(INT(AC13)-1)*32+ROUND(MOD(AC13,1)*100,0),256)/255)*0.1)))+MIN(7,MAX(0,(U13/0.4)*7))*Z13+MIN(3,MAX(0,(V13/0.2)*3))*Z13+MIN(3,MAX(0,((W13-2)/2)*3))*Z13+MIN(4,MAX(0,(X13/0.18)*4))*Z13)+AB13*0.08)+MAX(0,IFERROR(VALUE(AE13),0)))))/103*100,1)) -> 65.2 | AG13: =IF(AF13=-999,"",IF(AF13>=94,"Generational RB",IF(AF13>=86,"Franchise Back",IF(AF13>=77,"Featured Back",IF(AF13>=67,"Flex Starter",IF(AF13>=57,"Handcuff/Upside",IF(AF13>=44,"UDFA"))))))) -> Handcuff/Upside
A14: DEN | B14: 9.5 | C14: Zone | D14: 7.5 | E14: =IFERROR(VLOOKUP(A14,Vacancy_Calculator!$A$4:$D$35,2,FALSE()),0) -> 2 | F14: =IF((E14*0.5+B14*0.3+D14*0.2)>=8.5,3,IF((E14*0.5+B14*0.3+D14*0.2)>=7,2,IF((E14*0.5+B14*0.3+D14*0.2)>=5.5,1,IF((E14*0.5+B14*0.3+D14*0.2)>=4,0,-2)))) -> 0 | G14: =IF(F14>=1.25,"Workhorse Situation",IF(F14>=1.15,"Featured Role",IF(F14>=1.05,"Contributor",IF(F14>=1,"Neutral",IF(F14>=0.9,"Competition Risk",IF(F14>=0.8,"Poor Fit","Landmine")))))) -> Landmine | H14: Best pass-blocking OL; strong run game | J14: Chip Trayanum (Toledo) | K14: 71 | L14: 227 | M14: =L14/K14^2*703 -> 31.656616 | N14: 4.58 | O14: =MIN(120,(200*L14)/(N14^4)) -> 103.17962 | P14: 7.54 | Q14: 2.41 | R14: 0.0028 | S14: 3.6 | T14: 6 | U14: 0.1998 | V14: 0.0705 | W14: 3.19 | X14: 0.1074 | Y14: =(IF(AND(M14>=29, M14<=32), 15, 15-ABS(30.5-M14)*3)) + ((O14/110)*12) + (((P14-4)/3.6)*15) + ((Q14/3)*10) + (((S14-2)/1.5)*5) + T14 + 30 -> 90.372626 | Z14: 0.85 | AA14: =ROUND(MIN(20,(T14/10)*20)+MIN(20,MAX(0,(O14/120)*20))+MIN(20,MAX(0,((P14-4)/4)*20))+MIN(15,MAX(0,((S14-1.5)/3)*15))+MIN(15,MAX(0,(U14/0.35)*15))+MIN(10,MAX(0,(V14/0.25)*10)),1) -> 68.8 | AB14: =ROUND(MIN(25,(Q14/3)*25)+MIN(20,MAX(0,(X14/0.2)*20))+MIN(15,MAX(0,(W14/3.5)*15))+IF(ISNUMBER(AC14),MAX(0,40-((INT(AC14)-1)*32+ROUND(MOD(AC14,1)*100,0))*0.18),IF(LOWER(AC14)="udfa",5,25))+MIN(5,MAX(0,((0.02-R14)/0.017)*5)),1) -> 54.5 | AC14: UDFA | AD14: NYJ | AE14: =IF(AD14="","1.00",IFERROR(VLOOKUP(AD14,'RB Model Page'!$A:$F,6,FALSE()),1)) -> 0 | AF14: =IF(AND(LOWER(AC14)="udfa",OR(AD14="N/A",AD14="")),-999,ROUND((MIN(99.9,MAX(0,IF(((IF(LOWER(AC14)="udfa",10,100-IF(ISNUMBER(AC14),(INT(AC14)-1)*32+ROUND(MOD(AC14,1)*100,0),256)*0.25-IF(IF(ISNUMBER(AC14),(INT(AC14)-1)*32+ROUND(MOD(AC14,1)*100,0),256)>96,(IF(ISNUMBER(AC14),(INT(AC14)-1)*32+ROUND(MOD(AC14,1)*100,0),256)-96)*0.15,0)-IF(IF(ISNUMBER(AC14),(INT(AC14)-1)*32+ROUND(MOD(AC14,1)*100,0),256)>75,8,0)-IF(IF(ISNUMBER(AC14),(INT(AC14)-1)*32+ROUND(MOD(AC14,1)*100,0),256)>10,10,0)))*IF(LOWER(AC14)="udfa",0.45,0.45-MIN(0.1,(IF(ISNUMBER(AC14),(INT(AC14)-1)*32+ROUND(MOD(AC14,1)*100,0),256)/255)*0.1))+(IF(AND(M14>=29,M14<=32),15,15-ABS(30.5-M14)*3)+(O14/110)*12+T14+30+(MIN(15,MAX(0,((P14-4)/3.6)*15))+((Q14/3)*10)+(((S14-2)/1.5)*5))*Z14)*(1-IF(LOWER(AC14)="udfa",0.45,0.45-MIN(0.1,(IF(ISNUMBER(AC14),(INT(AC14)-1)*32+ROUND(MOD(AC14,1)*100,0),256)/255)*0.1)))+MIN(7,MAX(0,(U14/0.4)*7))*Z14+MIN(3,MAX(0,(V14/0.2)*3))*Z14+MIN(3,MAX(0,((W14-2)/2)*3))*Z14+MIN(4,MAX(0,(X14/0.18)*4))*Z14)>60,60+SQRT(((IF(LOWER(AC14)="udfa",10,100-IF(ISNUMBER(AC14),(INT(AC14)-1)*32+ROUND(MOD(AC14,1)*100,0),256)*0.25-IF(IF(ISNUMBER(AC14),(INT(AC14)-1)*32+ROUND(MOD(AC14,1)*100,0),256)>96,(IF(ISNUMBER(AC14),(INT(AC14)-1)*32+ROUND(MOD(AC14,1)*100,0),256)-96)*0.15,0)-IF(IF(ISNUMBER(AC14),(INT(AC14)-1)*32+ROUND(MOD(AC14,1)*100,0),256)>75,8,0)-IF(IF(ISNUMBER(AC14),(INT(AC14)-1)*32+ROUND(MOD(AC14,1)*100,0),256)>10,10,0)))*IF(LOWER(AC14)="udfa",0.45,0.45-MIN(0.1,(IF(ISNUMBER(AC14),(INT(AC14)-1)*32+ROUND(MOD(AC14,1)*100,0),256)/255)*0.1))+(IF(AND(M14>=29,M14<=32),15,15-ABS(30.5-M14)*3)+(O14/110)*12+T14+30+(MIN(15,MAX(0,((P14-4)/3.6)*15))+((Q14/3)*10)+(((S14-2)/1.5)*5))*Z14)*(1-IF(LOWER(AC14)="udfa",0.45,0.45-MIN(0.1,(IF(ISNUMBER(AC14),(INT(AC14)-1)*32+ROUND(MOD(AC14,1)*100,0),256)/255)*0.1)))+MIN(7,MAX(0,(U14/0.4)*7))*Z14+MIN(3,MAX(0,(V14/0.2)*3))*Z14+MIN(3,MAX(0,((W14-2)/2)*3))*Z14+MIN(4,MAX(0,(X14/0.18)*4))*Z14)-60)*5.5,((IF(LOWER(AC14)="udfa",10,100-IF(ISNUMBER(AC14),(INT(AC14)-1)*32+ROUND(MOD(AC14,1)*100,0),256)*0.25-IF(IF(ISNUMBER(AC14),(INT(AC14)-1)*32+ROUND(MOD(AC14,1)*100,0),256)>96,(IF(ISNUMBER(AC14),(INT(AC14)-1)*32+ROUND(MOD(AC14,1)*100,0),256)-96)*0.15,0)-IF(IF(ISNUMBER(AC14),(INT(AC14)-1)*32+ROUND(MOD(AC14,1)*100,0),256)>75,8,0)-IF(IF(ISNUMBER(AC14),(INT(AC14)-1)*32+ROUND(MOD(AC14,1)*100,0),256)>10,10,0)))*IF(LOWER(AC14)="udfa",0.45,0.45-MIN(0.1,(IF(ISNUMBER(AC14),(INT(AC14)-1)*32+ROUND(MOD(AC14,1)*100,0),256)/255)*0.1))+(IF(AND(M14>=29,M14<=32),15,15-ABS(30.5-M14)*3)+(O14/110)*12+T14+30+(MIN(15,MAX(0,((P14-4)/3.6)*15))+((Q14/3)*10)+(((S14-2)/1.5)*5))*Z14)*(1-IF(LOWER(AC14)="udfa",0.45,0.45-MIN(0.1,(IF(ISNUMBER(AC14),(INT(AC14)-1)*32+ROUND(MOD(AC14,1)*100,0),256)/255)*0.1)))+MIN(7,MAX(0,(U14/0.4)*7))*Z14+MIN(3,MAX(0,(V14/0.2)*3))*Z14+MIN(3,MAX(0,((W14-2)/2)*3))*Z14+MIN(4,MAX(0,(X14/0.18)*4))*Z14)+AB14*0.08)+MAX(0,IFERROR(VALUE(AE14),0)))))/103*100,1)) -> 61.8 | AG14: =IF(AF14=-999,"",IF(AF14>=94,"Generational RB",IF(AF14>=86,"Franchise Back",IF(AF14>=77,"Featured Back",IF(AF14>=67,"Flex Starter",IF(AF14>=57,"Handcuff/Upside",IF(AF14>=44,"UDFA"))))))) -> Handcuff/Upside
A15: DET | B15: 9 | C15: Gap | D15: 8 | E15: 5 | F15: =IF((E15*0.5+B15*0.3+D15*0.2)>=8.5,3,IF((E15*0.5+B15*0.3+D15*0.2)>=7,2,IF((E15*0.5+B15*0.3+D15*0.2)>=5.5,1,IF((E15*0.5+B15*0.3+D15*0.2)>=4,0,-2)))) -> 1 | G15: =IF(F15>=1.25,"Workhorse Situation",IF(F15>=1.15,"Featured Role",IF(F15>=1.05,"Contributor",IF(F15>=1,"Neutral",IF(F15>=0.9,"Competition Risk",IF(F15>=0.8,"Poor Fit","Landmine")))))) -> Neutral | H15: Elite OL; Gibbs still there; Montgomery gone | J15: Demond Claiborne (Wake Forest) | K15: 70 | L15: 188 | M15: =L15/K15^2*703 -> 26.972245 | N15: 4.37 | O15: =MIN(120,(200*L15)/(N15^4)) -> 103.10081 | P15: 5.76 | Q15: 2.08 | R15: 0.0109 | S15: 2.7 | T15: 8.48 | U15: 0.2488 | V15: 0.0564 | W15: 3.15 | X15: 0.0884 | Y15: =(IF(AND(M15>=29, M15<=32), 15, 15-ABS(30.5-M15)*3)) + ((O15/110)*12) + (((P15-4)/3.6)*15) + ((Q15/3)*10) + (((S15-2)/1.5)*5) + T15 + 30 -> 70.744096 | Z15: 1 | AA15: =ROUND(MIN(20,(T15/10)*20)+MIN(20,MAX(0,(O15/120)*20))+MIN(20,MAX(0,((P15-4)/4)*20))+MIN(15,MAX(0,((S15-1.5)/3)*15))+MIN(15,MAX(0,(U15/0.35)*15))+MIN(10,MAX(0,(V15/0.25)*10)),1) -> 61.9 | AB15: =ROUND(MIN(25,(Q15/3)*25)+MIN(20,MAX(0,(X15/0.2)*20))+MIN(15,MAX(0,(W15/3.5)*15))+IF(ISNUMBER(AC15),MAX(0,40-((INT(AC15)-1)*32+ROUND(MOD(AC15,1)*100,0))*0.18),IF(LOWER(AC15)="udfa",5,25))+MIN(5,MAX(0,((0.02-R15)/0.017)*5)),1) -> 46.7 | AC15: 6.38 | AD15: MIN | AE15: =IF(AD15="","1.00",IFERROR(VLOOKUP(AD15,'RB Model Page'!$A:$F,6,FALSE()),1)) -> 0 | AF15: =IF(AND(LOWER(AC15)="udfa",OR(AD15="N/A",AD15="")),-999,ROUND((MIN(99.9,MAX(0,IF(((IF(LOWER(AC15)="udfa",10,100-IF(ISNUMBER(AC15),(INT(AC15)-1)*32+ROUND(MOD(AC15,1)*100,0),256)*0.25-IF(IF(ISNUMBER(AC15),(INT(AC15)-1)*32+ROUND(MOD(AC15,1)*100,0),256)>96,(IF(ISNUMBER(AC15),(INT(AC15)-1)*32+ROUND(MOD(AC15,1)*100,0),256)-96)*0.15,0)-IF(IF(ISNUMBER(AC15),(INT(AC15)-1)*32+ROUND(MOD(AC15,1)*100,0),256)>75,8,0)-IF(IF(ISNUMBER(AC15),(INT(AC15)-1)*32+ROUND(MOD(AC15,1)*100,0),256)>10,10,0)))*IF(LOWER(AC15)="udfa",0.45,0.45-MIN(0.1,(IF(ISNUMBER(AC15),(INT(AC15)-1)*32+ROUND(MOD(AC15,1)*100,0),256)/255)*0.1))+(IF(AND(M15>=29,M15<=32),15,15-ABS(30.5-M15)*3)+(O15/110)*12+T15+30+(MIN(15,MAX(0,((P15-4)/3.6)*15))+((Q15/3)*10)+(((S15-2)/1.5)*5))*Z15)*(1-IF(LOWER(AC15)="udfa",0.45,0.45-MIN(0.1,(IF(ISNUMBER(AC15),(INT(AC15)-1)*32+ROUND(MOD(AC15,1)*100,0),256)/255)*0.1)))+MIN(7,MAX(0,(U15/0.4)*7))*Z15+MIN(3,MAX(0,(V15/0.2)*3))*Z15+MIN(3,MAX(0,((W15-2)/2)*3))*Z15+MIN(4,MAX(0,(X15/0.18)*4))*Z15)>60,60+SQRT(((IF(LOWER(AC15)="udfa",10,100-IF(ISNUMBER(AC15),(INT(AC15)-1)*32+ROUND(MOD(AC15,1)*100,0),256)*0.25-IF(IF(ISNUMBER(AC15),(INT(AC15)-1)*32+ROUND(MOD(AC15,1)*100,0),256)>96,(IF(ISNUMBER(AC15),(INT(AC15)-1)*32+ROUND(MOD(AC15,1)*100,0),256)-96)*0.15,0)-IF(IF(ISNUMBER(AC15),(INT(AC15)-1)*32+ROUND(MOD(AC15,1)*100,0),256)>75,8,0)-IF(IF(ISNUMBER(AC15),(INT(AC15)-1)*32+ROUND(MOD(AC15,1)*100,0),256)>10,10,0)))*IF(LOWER(AC15)="udfa",0.45,0.45-MIN(0.1,(IF(ISNUMBER(AC15),(INT(AC15)-1)*32+ROUND(MOD(AC15,1)*100,0),256)/255)*0.1))+(IF(AND(M15>=29,M15<=32),15,15-ABS(30.5-M15)*3)+(O15/110)*12+T15+30+(MIN(15,MAX(0,((P15-4)/3.6)*15))+((Q15/3)*10)+(((S15-2)/1.5)*5))*Z15)*(1-IF(LOWER(AC15)="udfa",0.45,0.45-MIN(0.1,(IF(ISNUMBER(AC15),(INT(AC15)-1)*32+ROUND(MOD(AC15,1)*100,0),256)/255)*0.1)))+MIN(7,MAX(0,(U15/0.4)*7))*Z15+MIN(3,MAX(0,(V15/0.2)*3))*Z15+MIN(3,MAX(0,((W15-2)/2)*3))*Z15+MIN(4,MAX(0,(X15/0.18)*4))*Z15)-60)*5.5,((IF(LOWER(AC15)="udfa",10,100-IF(ISNUMBER(AC15),(INT(AC15)-1)*32+ROUND(MOD(AC15,1)*100,0),256)*0.25-IF(IF(ISNUMBER(AC15),(INT(AC15)-1)*32+ROUND(MOD(AC15,1)*100,0),256)>96,(IF(ISNUMBER(AC15),(INT(AC15)-1)*32+ROUND(MOD(AC15,1)*100,0),256)-96)*0.15,0)-IF(IF(ISNUMBER(AC15),(INT(AC15)-1)*32+ROUND(MOD(AC15,1)*100,0),256)>75,8,0)-IF(IF(ISNUMBER(AC15),(INT(AC15)-1)*32+ROUND(MOD(AC15,1)*100,0),256)>10,10,0)))*IF(LOWER(AC15)="udfa",0.45,0.45-MIN(0.1,(IF(ISNUMBER(AC15),(INT(AC15)-1)*32+ROUND(MOD(AC15,1)*100,0),256)/255)*0.1))+(IF(AND(M15>=29,M15<=32),15,15-ABS(30.5-M15)*3)+(O15/110)*12+T15+30+(MIN(15,MAX(0,((P15-4)/3.6)*15))+((Q15/3)*10)+(((S15-2)/1.5)*5))*Z15)*(1-IF(LOWER(AC15)="udfa",0.45,0.45-MIN(0.1,(IF(ISNUMBER(AC15),(INT(AC15)-1)*32+ROUND(MOD(AC15,1)*100,0),256)/255)*0.1)))+MIN(7,MAX(0,(U15/0.4)*7))*Z15+MIN(3,MAX(0,(V15/0.2)*3))*Z15+MIN(3,MAX(0,((W15-2)/2)*3))*Z15+MIN(4,MAX(0,(X15/0.18)*4))*Z15)+AB15*0.08)+MAX(0,IFERROR(VALUE(AE15),0)))))/103*100,1)) -> 61.6 | AG15: =IF(AF15=-999,"",IF(AF15>=94,"Generational RB",IF(AF15>=86,"Franchise Back",IF(AF15>=77,"Featured Back",IF(AF15>=67,"Flex Starter",IF(AF15>=57,"Handcuff/Upside",IF(AF15>=44,"UDFA"))))))) -> Handcuff/Upside
A16: GB | B16: 7.5 | C16: Zone | D16: 6.5 | E16: =IFERROR(VLOOKUP(A16,Vacancy_Calculator!$A$4:$D$35,2,FALSE()),0) -> 6 | F16: =IF((E16*0.5+B16*0.3+D16*0.2)>=8.5,3,IF((E16*0.5+B16*0.3+D16*0.2)>=7,2,IF((E16*0.5+B16*0.3+D16*0.2)>=5.5,1,IF((E16*0.5+B16*0.3+D16*0.2)>=4,0,-2)))) -> 1 | G16: =IF(F16>=1.25,"Workhorse Situation",IF(F16>=1.15,"Featured Role",IF(F16>=1.05,"Contributor",IF(F16>=1,"Neutral",IF(F16>=0.9,"Competition Risk",IF(F16>=0.8,"Poor Fit","Landmine")))))) -> Neutral | H16: Good OL; Josh Jacobs aging | J16: Jamal Haynes (Georgia Tech) | K16: 66.75 | L16: 190 | M16: =L16/K16^2*703 -> 29.978258 | N16: 4.51 | O16: =MIN(120,(200*L16)/(N16^4)) -> 91.849634 | P16: 6.51 | Q16: 2.38 | R16: 0.0084 | S16: 3.3 | T16: 6.5 | U16: 0.1693 | V16: 0.0714 | W16: 3.1 | X16: 0.1091 | Y16: =(IF(AND(M16>=29, M16<=32), 15, 15-ABS(30.5-M16)*3)) + ((O16/110)*12) + (((P16-4)/3.6)*15) + ((Q16/3)*10) + (((S16-2)/1.5)*5) + T16 + 30 -> 84.24496 | Z16: 1 | AA16: =ROUND(MIN(20,(T16/10)*20)+MIN(20,MAX(0,(O16/120)*20))+MIN(20,MAX(0,((P16-4)/4)*20))+MIN(15,MAX(0,((S16-1.5)/3)*15))+MIN(15,MAX(0,(U16/0.35)*15))+MIN(10,MAX(0,(V16/0.25)*10)),1) -> 60 | AB16: =ROUND(MIN(25,(Q16/3)*25)+MIN(20,MAX(0,(X16/0.2)*20))+MIN(15,MAX(0,(W16/3.5)*15))+IF(ISNUMBER(AC16),MAX(0,40-((INT(AC16)-1)*32+ROUND(MOD(AC16,1)*100,0))*0.18),IF(LOWER(AC16)="udfa",5,25))+MIN(5,MAX(0,((0.02-R16)/0.017)*5)),1) -> 52.4 | AC16: UDFA | AD16: CIN | AE16: =IF(AD16="","1.00",IFERROR(VLOOKUP(AD16,'RB Model Page'!$A:$F,6,FALSE()),1)) -> -2 | AF16: =IF(AND(LOWER(AC16)="udfa",OR(AD16="N/A",AD16="")),-999,ROUND((MIN(99.9,MAX(0,IF(((IF(LOWER(AC16)="udfa",10,100-IF(ISNUMBER(AC16),(INT(AC16)-1)*32+ROUND(MOD(AC16,1)*100,0),256)*0.25-IF(IF(ISNUMBER(AC16),(INT(AC16)-1)*32+ROUND(MOD(AC16,1)*100,0),256)>96,(IF(ISNUMBER(AC16),(INT(AC16)-1)*32+ROUND(MOD(AC16,1)*100,0),256)-96)*0.15,0)-IF(IF(ISNUMBER(AC16),(INT(AC16)-1)*32+ROUND(MOD(AC16,1)*100,0),256)>75,8,0)-IF(IF(ISNUMBER(AC16),(INT(AC16)-1)*32+ROUND(MOD(AC16,1)*100,0),256)>10,10,0)))*IF(LOWER(AC16)="udfa",0.45,0.45-MIN(0.1,(IF(ISNUMBER(AC16),(INT(AC16)-1)*32+ROUND(MOD(AC16,1)*100,0),256)/255)*0.1))+(IF(AND(M16>=29,M16<=32),15,15-ABS(30.5-M16)*3)+(O16/110)*12+T16+30+(MIN(15,MAX(0,((P16-4)/3.6)*15))+((Q16/3)*10)+(((S16-2)/1.5)*5))*Z16)*(1-IF(LOWER(AC16)="udfa",0.45,0.45-MIN(0.1,(IF(ISNUMBER(AC16),(INT(AC16)-1)*32+ROUND(MOD(AC16,1)*100,0),256)/255)*0.1)))+MIN(7,MAX(0,(U16/0.4)*7))*Z16+MIN(3,MAX(0,(V16/0.2)*3))*Z16+MIN(3,MAX(0,((W16-2)/2)*3))*Z16+MIN(4,MAX(0,(X16/0.18)*4))*Z16)>60,60+SQRT(((IF(LOWER(AC16)="udfa",10,100-IF(ISNUMBER(AC16),(INT(AC16)-1)*32+ROUND(MOD(AC16,1)*100,0),256)*0.25-IF(IF(ISNUMBER(AC16),(INT(AC16)-1)*32+ROUND(MOD(AC16,1)*100,0),256)>96,(IF(ISNUMBER(AC16),(INT(AC16)-1)*32+ROUND(MOD(AC16,1)*100,0),256)-96)*0.15,0)-IF(IF(ISNUMBER(AC16),(INT(AC16)-1)*32+ROUND(MOD(AC16,1)*100,0),256)>75,8,0)-IF(IF(ISNUMBER(AC16),(INT(AC16)-1)*32+ROUND(MOD(AC16,1)*100,0),256)>10,10,0)))*IF(LOWER(AC16)="udfa",0.45,0.45-MIN(0.1,(IF(ISNUMBER(AC16),(INT(AC16)-1)*32+ROUND(MOD(AC16,1)*100,0),256)/255)*0.1))+(IF(AND(M16>=29,M16<=32),15,15-ABS(30.5-M16)*3)+(O16/110)*12+T16+30+(MIN(15,MAX(0,((P16-4)/3.6)*15))+((Q16/3)*10)+(((S16-2)/1.5)*5))*Z16)*(1-IF(LOWER(AC16)="udfa",0.45,0.45-MIN(0.1,(IF(ISNUMBER(AC16),(INT(AC16)-1)*32+ROUND(MOD(AC16,1)*100,0),256)/255)*0.1)))+MIN(7,MAX(0,(U16/0.4)*7))*Z16+MIN(3,MAX(0,(V16/0.2)*3))*Z16+MIN(3,MAX(0,((W16-2)/2)*3))*Z16+MIN(4,MAX(0,(X16/0.18)*4))*Z16)-60)*5.5,((IF(LOWER(AC16)="udfa",10,100-IF(ISNUMBER(AC16),(INT(AC16)-1)*32+ROUND(MOD(AC16,1)*100,0),256)*0.25-IF(IF(ISNUMBER(AC16),(INT(AC16)-1)*32+ROUND(MOD(AC16,1)*100,0),256)>96,(IF(ISNUMBER(AC16),(INT(AC16)-1)*32+ROUND(MOD(AC16,1)*100,0),256)-96)*0.15,0)-IF(IF(ISNUMBER(AC16),(INT(AC16)-1)*32+ROUND(MOD(AC16,1)*100,0),256)>75,8,0)-IF(IF(ISNUMBER(AC16),(INT(AC16)-1)*32+ROUND(MOD(AC16,1)*100,0),256)>10,10,0)))*IF(LOWER(AC16)="udfa",0.45,0.45-MIN(0.1,(IF(ISNUMBER(AC16),(INT(AC16)-1)*32+ROUND(MOD(AC16,1)*100,0),256)/255)*0.1))+(IF(AND(M16>=29,M16<=32),15,15-ABS(30.5-M16)*3)+(O16/110)*12+T16+30+(MIN(15,MAX(0,((P16-4)/3.6)*15))+((Q16/3)*10)+(((S16-2)/1.5)*5))*Z16)*(1-IF(LOWER(AC16)="udfa",0.45,0.45-MIN(0.1,(IF(ISNUMBER(AC16),(INT(AC16)-1)*32+ROUND(MOD(AC16,1)*100,0),256)/255)*0.1)))+MIN(7,MAX(0,(U16/0.4)*7))*Z16+MIN(3,MAX(0,(V16/0.2)*3))*Z16+MIN(3,MAX(0,((W16-2)/2)*3))*Z16+MIN(4,MAX(0,(X16/0.18)*4))*Z16)+AB16*0.08)+MAX(0,IFERROR(VALUE(AE16),0)))))/103*100,1)) -> 61.3 | AG16: =IF(AF16=-999,"",IF(AF16>=94,"Generational RB",IF(AF16>=86,"Franchise Back",IF(AF16>=77,"Featured Back",IF(AF16>=67,"Flex Starter",IF(AF16>=57,"Handcuff/Upside",IF(AF16>=44,"UDFA"))))))) -> Handcuff/Upside
A17: HOU | B17: 7 | C17: Mix | D17: 6 | E17: =IFERROR(VLOOKUP(A17,Vacancy_Calculator!$A$4:$D$35,2,FALSE()),0) -> 0 | F17: =IF((E17*0.5+B17*0.3+D17*0.2)>=8.5,3,IF((E17*0.5+B17*0.3+D17*0.2)>=7,2,IF((E17*0.5+B17*0.3+D17*0.2)>=5.5,1,IF((E17*0.5+B17*0.3+D17*0.2)>=4,0,-2)))) -> -2 | G17: =IF(F17>=1.25,"Workhorse Situation",IF(F17>=1.15,"Featured Role",IF(F17>=1.05,"Contributor",IF(F17>=1,"Neutral",IF(F17>=0.9,"Competition Risk",IF(F17>=0.8,"Poor Fit","Landmine")))))) -> Landmine | H17: Improved OL; Joe Mixon aging | J17: Rahsul Faison (S. Carolina) | K17: 71 | L17: 208 | M17: =L17/K17^2*703 -> 29.006943 | N17: 4.54 | O17: =MIN(120,(200*L17)/(N17^4)) -> 97.919665 | P17: 6.12 | Q17: 1.71 | R17: 0.003 | S17: 3.7 | T17: 7 | U17: 0.1676 | V17: 0.0922 | W17: 3.73 | X17: 0.0658 | Y17: =(IF(AND(M17>=29, M17<=32), 15, 15-ABS(30.5-M17)*3)) + ((O17/110)*12) + (((P17-4)/3.6)*15) + ((Q17/3)*10) + (((S17-2)/1.5)*5) + T17 + 30 -> 82.882145 | Z17: 1 | AA17: =ROUND(MIN(20,(T17/10)*20)+MIN(20,MAX(0,(O17/120)*20))+MIN(20,MAX(0,((P17-4)/4)*20))+MIN(15,MAX(0,((S17-1.5)/3)*15))+MIN(15,MAX(0,(U17/0.35)*15))+MIN(10,MAX(0,(V17/0.25)*10)),1) -> 62.8 | AB17: =ROUND(MIN(25,(Q17/3)*25)+MIN(20,MAX(0,(X17/0.2)*20))+MIN(15,MAX(0,(W17/3.5)*15))+IF(ISNUMBER(AC17),MAX(0,40-((INT(AC17)-1)*32+ROUND(MOD(AC17,1)*100,0))*0.18),IF(LOWER(AC17)="udfa",5,25))+MIN(5,MAX(0,((0.02-R17)/0.017)*5)),1) -> 45.8 | AC17: UDFA | AD17: UDFA | AE17: =IF(AD17="","1.00",IFERROR(VLOOKUP(AD17,'RB Model Page'!$A:$F,6,FALSE()),1)) -> 1 | AF17: =IF(AND(LOWER(AC17)="udfa",OR(AD17="N/A",AD17="")),-999,ROUND((MIN(99.9,MAX(0,IF(((IF(LOWER(AC17)="udfa",10,100-IF(ISNUMBER(AC17),(INT(AC17)-1)*32+ROUND(MOD(AC17,1)*100,0),256)*0.25-IF(IF(ISNUMBER(AC17),(INT(AC17)-1)*32+ROUND(MOD(AC17,1)*100,0),256)>96,(IF(ISNUMBER(AC17),(INT(AC17)-1)*32+ROUND(MOD(AC17,1)*100,0),256)-96)*0.15,0)-IF(IF(ISNUMBER(AC17),(INT(AC17)-1)*32+ROUND(MOD(AC17,1)*100,0),256)>75,8,0)-IF(IF(ISNUMBER(AC17),(INT(AC17)-1)*32+ROUND(MOD(AC17,1)*100,0),256)>10,10,0)))*IF(LOWER(AC17)="udfa",0.45,0.45-MIN(0.1,(IF(ISNUMBER(AC17),(INT(AC17)-1)*32+ROUND(MOD(AC17,1)*100,0),256)/255)*0.1))+(IF(AND(M17>=29,M17<=32),15,15-ABS(30.5-M17)*3)+(O17/110)*12+T17+30+(MIN(15,MAX(0,((P17-4)/3.6)*15))+((Q17/3)*10)+(((S17-2)/1.5)*5))*Z17)*(1-IF(LOWER(AC17)="udfa",0.45,0.45-MIN(0.1,(IF(ISNUMBER(AC17),(INT(AC17)-1)*32+ROUND(MOD(AC17,1)*100,0),256)/255)*0.1)))+MIN(7,MAX(0,(U17/0.4)*7))*Z17+MIN(3,MAX(0,(V17/0.2)*3))*Z17+MIN(3,MAX(0,((W17-2)/2)*3))*Z17+MIN(4,MAX(0,(X17/0.18)*4))*Z17)>60,60+SQRT(((IF(LOWER(AC17)="udfa",10,100-IF(ISNUMBER(AC17),(INT(AC17)-1)*32+ROUND(MOD(AC17,1)*100,0),256)*0.25-IF(IF(ISNUMBER(AC17),(INT(AC17)-1)*32+ROUND(MOD(AC17,1)*100,0),256)>96,(IF(ISNUMBER(AC17),(INT(AC17)-1)*32+ROUND(MOD(AC17,1)*100,0),256)-96)*0.15,0)-IF(IF(ISNUMBER(AC17),(INT(AC17)-1)*32+ROUND(MOD(AC17,1)*100,0),256)>75,8,0)-IF(IF(ISNUMBER(AC17),(INT(AC17)-1)*32+ROUND(MOD(AC17,1)*100,0),256)>10,10,0)))*IF(LOWER(AC17)="udfa",0.45,0.45-MIN(0.1,(IF(ISNUMBER(AC17),(INT(AC17)-1)*32+ROUND(MOD(AC17,1)*100,0),256)/255)*0.1))+(IF(AND(M17>=29,M17<=32),15,15-ABS(30.5-M17)*3)+(O17/110)*12+T17+30+(MIN(15,MAX(0,((P17-4)/3.6)*15))+((Q17/3)*10)+(((S17-2)/1.5)*5))*Z17)*(1-IF(LOWER(AC17)="udfa",0.45,0.45-MIN(0.1,(IF(ISNUMBER(AC17),(INT(AC17)-1)*32+ROUND(MOD(AC17,1)*100,0),256)/255)*0.1)))+MIN(7,MAX(0,(U17/0.4)*7))*Z17+MIN(3,MAX(0,(V17/0.2)*3))*Z17+MIN(3,MAX(0,((W17-2)/2)*3))*Z17+MIN(4,MAX(0,(X17/0.18)*4))*Z17)-60)*5.5,((IF(LOWER(AC17)="udfa",10,100-IF(ISNUMBER(AC17),(INT(AC17)-1)*32+ROUND(MOD(AC17,1)*100,0),256)*0.25-IF(IF(ISNUMBER(AC17),(INT(AC17)-1)*32+ROUND(MOD(AC17,1)*100,0),256)>96,(IF(ISNUMBER(AC17),(INT(AC17)-1)*32+ROUND(MOD(AC17,1)*100,0),256)-96)*0.15,0)-IF(IF(ISNUMBER(AC17),(INT(AC17)-1)*32+ROUND(MOD(AC17,1)*100,0),256)>75,8,0)-IF(IF(ISNUMBER(AC17),(INT(AC17)-1)*32+ROUND(MOD(AC17,1)*100,0),256)>10,10,0)))*IF(LOWER(AC17)="udfa",0.45,0.45-MIN(0.1,(IF(ISNUMBER(AC17),(INT(AC17)-1)*32+ROUND(MOD(AC17,1)*100,0),256)/255)*0.1))+(IF(AND(M17>=29,M17<=32),15,15-ABS(30.5-M17)*3)+(O17/110)*12+T17+30+(MIN(15,MAX(0,((P17-4)/3.6)*15))+((Q17/3)*10)+(((S17-2)/1.5)*5))*Z17)*(1-IF(LOWER(AC17)="udfa",0.45,0.45-MIN(0.1,(IF(ISNUMBER(AC17),(INT(AC17)-1)*32+ROUND(MOD(AC17,1)*100,0),256)/255)*0.1)))+MIN(7,MAX(0,(U17/0.4)*7))*Z17+MIN(3,MAX(0,(V17/0.2)*3))*Z17+MIN(3,MAX(0,((W17-2)/2)*3))*Z17+MIN(4,MAX(0,(X17/0.18)*4))*Z17)+AB17*0.08)+MAX(0,IFERROR(VALUE(AE17),0)))))/103*100,1)) -> 61.3 | AG17: =IF(AF17=-999,"",IF(AF17>=94,"Generational RB",IF(AF17>=86,"Franchise Back",IF(AF17>=77,"Featured Back",IF(AF17>=67,"Flex Starter",IF(AF17>=57,"Handcuff/Upside",IF(AF17>=44,"UDFA"))))))) -> Handcuff/Upside
A18: IND | B18: 8.5 | C18: Zone | D18: 8 | E18: =IFERROR(VLOOKUP(A18,Vacancy_Calculator!$A$4:$D$35,2,FALSE()),0) -> 2 | F18: =IF((E18*0.5+B18*0.3+D18*0.2)>=8.5,3,IF((E18*0.5+B18*0.3+D18*0.2)>=7,2,IF((E18*0.5+B18*0.3+D18*0.2)>=5.5,1,IF((E18*0.5+B18*0.3+D18*0.2)>=4,0,-2)))) -> 0 | G18: =IF(F18>=1.25,"Workhorse Situation",IF(F18>=1.15,"Featured Role",IF(F18>=1.05,"Contributor",IF(F18>=1,"Neutral",IF(F18>=0.9,"Competition Risk",IF(F18>=0.8,"Poor Fit","Landmine")))))) -> Landmine | H18: Elite interior OL; strong RB usage history | J18: Elijah Howard (Hower?) (Central Conn. St.) | K18: 69 | L18: 205 | M18: =L18/K18^2*703 -> 30.269901 | N18: 4.5 | O18: =MIN(120, (200 * L18) / (N18 ^ 4)) -> 99.984758 | P18: 6.2 | Q18: 2 | R18: 0.015 | S18: 3.8 | T18: 6.5 | U18: 0.38 | V18: 0.22 | W18: 3.4 | X18: 0.1 | Y18: =(IF(AND(M18>=29, M18<=32), 15, 15-ABS(30.5-M18)*3)) + ((O18/110)*12) + (((P18-4)/3.6)*15) + ((Q18/3)*10) + (((S18-2)/1.5)*5) + T18 + 30 -> 84.240762 | Z18: 0.7 | AA18: =ROUND(MIN(20,(T18/10)*20)+MIN(20,MAX(0,(O18/120)*20))+MIN(20,MAX(0,((P18-4)/4)*20))+MIN(15,MAX(0,((S18-1.5)/3)*15))+MIN(15,MAX(0,(U18/0.35)*15))+MIN(10,MAX(0,(V18/0.25)*10)),1) -> 76 | AB18: =ROUND(MIN(25,(Q18/3)*25)+MIN(20,MAX(0,(X18/0.2)*20))+MIN(15,MAX(0,(W18/3.5)*15))+IF(ISNUMBER(AC18),MAX(0,40-((INT(AC18)-1)*32+ROUND(MOD(AC18,1)*100,0))*0.18),IF(LOWER(AC18)="udfa",5,25))+MIN(5,MAX(0,((0.02-R18)/0.017)*5)),1) -> 47.7 | AC18: UDFA | AD18: UDFA | AE18: =IF(AD18="","1.00",IFERROR(VLOOKUP(AD18,'RB Model Page'!$A:$F,6,FALSE()),1)) -> 1 | AF18: =IF(AND(LOWER(AC18)="udfa",OR(AD18="N/A",AD18="")),-999,ROUND((MIN(99.9,MAX(0,IF(((IF(LOWER(AC18)="udfa",10,100-IF(ISNUMBER(AC18),(INT(AC18)-1)*32+ROUND(MOD(AC18,1)*100,0),256)*0.25-IF(IF(ISNUMBER(AC18),(INT(AC18)-1)*32+ROUND(MOD(AC18,1)*100,0),256)>96,(IF(ISNUMBER(AC18),(INT(AC18)-1)*32+ROUND(MOD(AC18,1)*100,0),256)-96)*0.15,0)-IF(IF(ISNUMBER(AC18),(INT(AC18)-1)*32+ROUND(MOD(AC18,1)*100,0),256)>75,8,0)-IF(IF(ISNUMBER(AC18),(INT(AC18)-1)*32+ROUND(MOD(AC18,1)*100,0),256)>10,10,0)))*IF(LOWER(AC18)="udfa",0.45,0.45-MIN(0.1,(IF(ISNUMBER(AC18),(INT(AC18)-1)*32+ROUND(MOD(AC18,1)*100,0),256)/255)*0.1))+(IF(AND(M18>=29,M18<=32),15,15-ABS(30.5-M18)*3)+(O18/110)*12+T18+30+(MIN(15,MAX(0,((P18-4)/3.6)*15))+((Q18/3)*10)+(((S18-2)/1.5)*5))*Z18)*(1-IF(LOWER(AC18)="udfa",0.45,0.45-MIN(0.1,(IF(ISNUMBER(AC18),(INT(AC18)-1)*32+ROUND(MOD(AC18,1)*100,0),256)/255)*0.1)))+MIN(7,MAX(0,(U18/0.4)*7))*Z18+MIN(3,MAX(0,(V18/0.2)*3))*Z18+MIN(3,MAX(0,((W18-2)/2)*3))*Z18+MIN(4,MAX(0,(X18/0.18)*4))*Z18)>60,60+SQRT(((IF(LOWER(AC18)="udfa",10,100-IF(ISNUMBER(AC18),(INT(AC18)-1)*32+ROUND(MOD(AC18,1)*100,0),256)*0.25-IF(IF(ISNUMBER(AC18),(INT(AC18)-1)*32+ROUND(MOD(AC18,1)*100,0),256)>96,(IF(ISNUMBER(AC18),(INT(AC18)-1)*32+ROUND(MOD(AC18,1)*100,0),256)-96)*0.15,0)-IF(IF(ISNUMBER(AC18),(INT(AC18)-1)*32+ROUND(MOD(AC18,1)*100,0),256)>75,8,0)-IF(IF(ISNUMBER(AC18),(INT(AC18)-1)*32+ROUND(MOD(AC18,1)*100,0),256)>10,10,0)))*IF(LOWER(AC18)="udfa",0.45,0.45-MIN(0.1,(IF(ISNUMBER(AC18),(INT(AC18)-1)*32+ROUND(MOD(AC18,1)*100,0),256)/255)*0.1))+(IF(AND(M18>=29,M18<=32),15,15-ABS(30.5-M18)*3)+(O18/110)*12+T18+30+(MIN(15,MAX(0,((P18-4)/3.6)*15))+((Q18/3)*10)+(((S18-2)/1.5)*5))*Z18)*(1-IF(LOWER(AC18)="udfa",0.45,0.45-MIN(0.1,(IF(ISNUMBER(AC18),(INT(AC18)-1)*32+ROUND(MOD(AC18,1)*100,0),256)/255)*0.1)))+MIN(7,MAX(0,(U18/0.4)*7))*Z18+MIN(3,MAX(0,(V18/0.2)*3))*Z18+MIN(3,MAX(0,((W18-2)/2)*3))*Z18+MIN(4,MAX(0,(X18/0.18)*4))*Z18)-60)*5.5,((IF(LOWER(AC18)="udfa",10,100-IF(ISNUMBER(AC18),(INT(AC18)-1)*32+ROUND(MOD(AC18,1)*100,0),256)*0.25-IF(IF(ISNUMBER(AC18),(INT(AC18)-1)*32+ROUND(MOD(AC18,1)*100,0),256)>96,(IF(ISNUMBER(AC18),(INT(AC18)-1)*32+ROUND(MOD(AC18,1)*100,0),256)-96)*0.15,0)-IF(IF(ISNUMBER(AC18),(INT(AC18)-1)*32+ROUND(MOD(AC18,1)*100,0),256)>75,8,0)-IF(IF(ISNUMBER(AC18),(INT(AC18)-1)*32+ROUND(MOD(AC18,1)*100,0),256)>10,10,0)))*IF(LOWER(AC18)="udfa",0.45,0.45-MIN(0.1,(IF(ISNUMBER(AC18),(INT(AC18)-1)*32+ROUND(MOD(AC18,1)*100,0),256)/255)*0.1))+(IF(AND(M18>=29,M18<=32),15,15-ABS(30.5-M18)*3)+(O18/110)*12+T18+30+(MIN(15,MAX(0,((P18-4)/3.6)*15))+((Q18/3)*10)+(((S18-2)/1.5)*5))*Z18)*(1-IF(LOWER(AC18)="udfa",0.45,0.45-MIN(0.1,(IF(ISNUMBER(AC18),(INT(AC18)-1)*32+ROUND(MOD(AC18,1)*100,0),256)/255)*0.1)))+MIN(7,MAX(0,(U18/0.4)*7))*Z18+MIN(3,MAX(0,(V18/0.2)*3))*Z18+MIN(3,MAX(0,((W18-2)/2)*3))*Z18+MIN(4,MAX(0,(X18/0.18)*4))*Z18)+AB18*0.08)+MAX(0,IFERROR(VALUE(AE18),0)))))/103*100,1)) -> 60 | AG18: =IF(AF18=-999,"",IF(AF18>=94,"Generational RB",IF(AF18>=86,"Franchise Back",IF(AF18>=77,"Featured Back",IF(AF18>=67,"Flex Starter",IF(AF18>=57,"Handcuff/Upside",IF(AF18>=44,"UDFA"))))))) -> Handcuff/Upside
A19: JAC | B19: 6 | C19: Zone | D19: 7 | E19: 8 | F19: =IF((E19*0.5+B19*0.3+D19*0.2)>=8.5,3,IF((E19*0.5+B19*0.3+D19*0.2)>=7,2,IF((E19*0.5+B19*0.3+D19*0.2)>=5.5,1,IF((E19*0.5+B19*0.3+D19*0.2)>=4,0,-2)))) -> 2 | G19: =IF(F19>=1.25,"Workhorse Situation",IF(F19>=1.15,"Featured Role",IF(F19>=1.05,"Contributor",IF(F19>=1,"Neutral",IF(F19>=0.9,"Competition Risk",IF(F19>=0.8,"Poor Fit","Landmine")))))) -> Workhorse Situation | H19: Average OL; Trevor Lawrence-led offense limits RB role | J19: Jordan Vaughn (Abilene Christian) | K19: 70 | L19: 210 | M19: =L19/K19^2*703 -> 30.128571 | N19: 4.55 | O19: =MIN(120,(200*L19)/(N19^4)) -> 97.994952 | P19: 6.5 | Q19: 2 | R19: 0.015 | S19: 3.6 | T19: 6 | U19: 0.38 | V19: 0.22 | W19: 3.2 | X19: 0.1 | Y19: =(IF(AND(M19>=29, M19<=32), 15, 15-ABS(30.5-M19)*3)) + ((O19/110)*12) + (((P19-4)/3.6)*15) + ((Q19/3)*10) + (((S19-2)/1.5)*5) + T19 + 30 -> 84.107025 | Z19: 0.7 | AA19: =ROUND(MIN(20,(T19/10)*20)+MIN(20,MAX(0,(O19/120)*20))+MIN(20,MAX(0,((P19-4)/4)*20))+MIN(15,MAX(0,((S19-1.5)/3)*15))+MIN(15,MAX(0,(U19/0.35)*15))+MIN(10,MAX(0,(V19/0.25)*10)),1) -> 75.1 | AB19: =ROUND(MIN(25,(Q19/3)*25)+MIN(20,MAX(0,(X19/0.2)*20))+MIN(15,MAX(0,(W19/3.5)*15))+IF(ISNUMBER(AC19),MAX(0,40-((INT(AC19)-1)*32+ROUND(MOD(AC19,1)*100,0))*0.18),IF(LOWER(AC19)="udfa",5,25))+MIN(5,MAX(0,((0.02-R19)/0.017)*5)),1) -> 46.9 | AC19: UDFA | AD19: IND | AE19: =IF(AD19="","1.00",IFERROR(VLOOKUP(AD19,'RB Model Page'!$A:$F,6,FALSE()),1)) -> 0 | AF19: =IF(AND(LOWER(AC19)="udfa",OR(AD19="N/A",AD19="")),-999,ROUND((MIN(99.9,MAX(0,IF(((IF(LOWER(AC19)="udfa",10,100-IF(ISNUMBER(AC19),(INT(AC19)-1)*32+ROUND(MOD(AC19,1)*100,0),256)*0.25-IF(IF(ISNUMBER(AC19),(INT(AC19)-1)*32+ROUND(MOD(AC19,1)*100,0),256)>96,(IF(ISNUMBER(AC19),(INT(AC19)-1)*32+ROUND(MOD(AC19,1)*100,0),256)-96)*0.15,0)-IF(IF(ISNUMBER(AC19),(INT(AC19)-1)*32+ROUND(MOD(AC19,1)*100,0),256)>75,8,0)-IF(IF(ISNUMBER(AC19),(INT(AC19)-1)*32+ROUND(MOD(AC19,1)*100,0),256)>10,10,0)))*IF(LOWER(AC19)="udfa",0.45,0.45-MIN(0.1,(IF(ISNUMBER(AC19),(INT(AC19)-1)*32+ROUND(MOD(AC19,1)*100,0),256)/255)*0.1))+(IF(AND(M19>=29,M19<=32),15,15-ABS(30.5-M19)*3)+(O19/110)*12+T19+30+(MIN(15,MAX(0,((P19-4)/3.6)*15))+((Q19/3)*10)+(((S19-2)/1.5)*5))*Z19)*(1-IF(LOWER(AC19)="udfa",0.45,0.45-MIN(0.1,(IF(ISNUMBER(AC19),(INT(AC19)-1)*32+ROUND(MOD(AC19,1)*100,0),256)/255)*0.1)))+MIN(7,MAX(0,(U19/0.4)*7))*Z19+MIN(3,MAX(0,(V19/0.2)*3))*Z19+MIN(3,MAX(0,((W19-2)/2)*3))*Z19+MIN(4,MAX(0,(X19/0.18)*4))*Z19)>60,60+SQRT(((IF(LOWER(AC19)="udfa",10,100-IF(ISNUMBER(AC19),(INT(AC19)-1)*32+ROUND(MOD(AC19,1)*100,0),256)*0.25-IF(IF(ISNUMBER(AC19),(INT(AC19)-1)*32+ROUND(MOD(AC19,1)*100,0),256)>96,(IF(ISNUMBER(AC19),(INT(AC19)-1)*32+ROUND(MOD(AC19,1)*100,0),256)-96)*0.15,0)-IF(IF(ISNUMBER(AC19),(INT(AC19)-1)*32+ROUND(MOD(AC19,1)*100,0),256)>75,8,0)-IF(IF(ISNUMBER(AC19),(INT(AC19)-1)*32+ROUND(MOD(AC19,1)*100,0),256)>10,10,0)))*IF(LOWER(AC19)="udfa",0.45,0.45-MIN(0.1,(IF(ISNUMBER(AC19),(INT(AC19)-1)*32+ROUND(MOD(AC19,1)*100,0),256)/255)*0.1))+(IF(AND(M19>=29,M19<=32),15,15-ABS(30.5-M19)*3)+(O19/110)*12+T19+30+(MIN(15,MAX(0,((P19-4)/3.6)*15))+((Q19/3)*10)+(((S19-2)/1.5)*5))*Z19)*(1-IF(LOWER(AC19)="udfa",0.45,0.45-MIN(0.1,(IF(ISNUMBER(AC19),(INT(AC19)-1)*32+ROUND(MOD(AC19,1)*100,0),256)/255)*0.1)))+MIN(7,MAX(0,(U19/0.4)*7))*Z19+MIN(3,MAX(0,(V19/0.2)*3))*Z19+MIN(3,MAX(0,((W19-2)/2)*3))*Z19+MIN(4,MAX(0,(X19/0.18)*4))*Z19)-60)*5.5,((IF(LOWER(AC19)="udfa",10,100-IF(ISNUMBER(AC19),(INT(AC19)-1)*32+ROUND(MOD(AC19,1)*100,0),256)*0.25-IF(IF(ISNUMBER(AC19),(INT(AC19)-1)*32+ROUND(MOD(AC19,1)*100,0),256)>96,(IF(ISNUMBER(AC19),(INT(AC19)-1)*32+ROUND(MOD(AC19,1)*100,0),256)-96)*0.15,0)-IF(IF(ISNUMBER(AC19),(INT(AC19)-1)*32+ROUND(MOD(AC19,1)*100,0),256)>75,8,0)-IF(IF(ISNUMBER(AC19),(INT(AC19)-1)*32+ROUND(MOD(AC19,1)*100,0),256)>10,10,0)))*IF(LOWER(AC19)="udfa",0.45,0.45-MIN(0.1,(IF(ISNUMBER(AC19),(INT(AC19)-1)*32+ROUND(MOD(AC19,1)*100,0),256)/255)*0.1))+(IF(AND(M19>=29,M19<=32),15,15-ABS(30.5-M19)*3)+(O19/110)*12+T19+30+(MIN(15,MAX(0,((P19-4)/3.6)*15))+((Q19/3)*10)+(((S19-2)/1.5)*5))*Z19)*(1-IF(LOWER(AC19)="udfa",0.45,0.45-MIN(0.1,(IF(ISNUMBER(AC19),(INT(AC19)-1)*32+ROUND(MOD(AC19,1)*100,0),256)/255)*0.1)))+MIN(7,MAX(0,(U19/0.4)*7))*Z19+MIN(3,MAX(0,(V19/0.2)*3))*Z19+MIN(3,MAX(0,((W19-2)/2)*3))*Z19+MIN(4,MAX(0,(X19/0.18)*4))*Z19)+AB19*0.08)+MAX(0,IFERROR(VALUE(AE19),0)))))/103*100,1)) -> 58.6 | AG19: =IF(AF19=-999,"",IF(AF19>=94,"Generational RB",IF(AF19>=86,"Franchise Back",IF(AF19>=77,"Featured Back",IF(AF19>=67,"Flex Starter",IF(AF19>=57,"Handcuff/Upside",IF(AF19>=44,"UDFA"))))))) -> Handcuff/Upside
A20: KC | B20: 7 | C20: Zone | D20: 5.5 | E20: 0 | F20: =IF((E20*0.5+B20*0.3+D20*0.2)>=8.5,3,IF((E20*0.5+B20*0.3+D20*0.2)>=7,2,IF((E20*0.5+B20*0.3+D20*0.2)>=5.5,1,IF((E20*0.5+B20*0.3+D20*0.2)>=4,0,-2)))) -> -2 | G20: =IF(F20>=1.25,"Workhorse Situation",IF(F20>=1.15,"Featured Role",IF(F20>=1.05,"Contributor",IF(F20>=1,"Neutral",IF(F20>=0.9,"Competition Risk",IF(F20>=0.8,"Poor Fit","Landmine")))))) -> Landmine | H20: Good OL; Mahomes-centric; Pacheco role to watch | J20: Noah Whittington (Oregon) | K20: 68 | L20: 205 | M20: =L20/K20^2*703 -> 31.166739 | N20: 4.49 | O20: =MIN(120,(200*L20)/(N20^4)) -> 100.87847 | P20: 6.49 | Q20: 1.59 | R20: 0.0034 | S20: 3.2 | T20: 7.2 | U20: 0.1203 | V20: 0.085 | W20: 3.24 | X20: 0.0636 | Y20: =(IF(AND(M20>=29, M20<=32), 15, 15-ABS(30.5-M20)*3)) + ((O20/110)*12) + (((P20-4)/3.6)*15) + ((Q20/3)*10) + (((S20-2)/1.5)*5) + T20 + 30 -> 82.879924 | Z20: 1 | AA20: =ROUND(MIN(20,(T20/10)*20)+MIN(20,MAX(0,(O20/120)*20))+MIN(20,MAX(0,((P20-4)/4)*20))+MIN(15,MAX(0,((S20-1.5)/3)*15))+MIN(15,MAX(0,(U20/0.35)*15))+MIN(10,MAX(0,(V20/0.25)*10)),1) -> 60.7 | AB20: =ROUND(MIN(25,(Q20/3)*25)+MIN(20,MAX(0,(X20/0.2)*20))+MIN(15,MAX(0,(W20/3.5)*15))+IF(ISNUMBER(AC20),MAX(0,40-((INT(AC20)-1)*32+ROUND(MOD(AC20,1)*100,0))*0.18),IF(LOWER(AC20)="udfa",5,25))+MIN(5,MAX(0,((0.02-R20)/0.017)*5)),1) -> 43.4 | AC20: UDFA | AD20: HOU | AE20: =IF(AD20="","1.00",IFERROR(VLOOKUP(AD20,'RB Model Page'!$A:$F,6,FALSE()),1)) -> -2 | AF20: =IF(AND(LOWER(AC20)="udfa",OR(AD20="N/A",AD20="")),-999,ROUND((MIN(99.9,MAX(0,IF(((IF(LOWER(AC20)="udfa",10,100-IF(ISNUMBER(AC20),(INT(AC20)-1)*32+ROUND(MOD(AC20,1)*100,0),256)*0.25-IF(IF(ISNUMBER(AC20),(INT(AC20)-1)*32+ROUND(MOD(AC20,1)*100,0),256)>96,(IF(ISNUMBER(AC20),(INT(AC20)-1)*32+ROUND(MOD(AC20,1)*100,0),256)-96)*0.15,0)-IF(IF(ISNUMBER(AC20),(INT(AC20)-1)*32+ROUND(MOD(AC20,1)*100,0),256)>75,8,0)-IF(IF(ISNUMBER(AC20),(INT(AC20)-1)*32+ROUND(MOD(AC20,1)*100,0),256)>10,10,0)))*IF(LOWER(AC20)="udfa",0.45,0.45-MIN(0.1,(IF(ISNUMBER(AC20),(INT(AC20)-1)*32+ROUND(MOD(AC20,1)*100,0),256)/255)*0.1))+(IF(AND(M20>=29,M20<=32),15,15-ABS(30.5-M20)*3)+(O20/110)*12+T20+30+(MIN(15,MAX(0,((P20-4)/3.6)*15))+((Q20/3)*10)+(((S20-2)/1.5)*5))*Z20)*(1-IF(LOWER(AC20)="udfa",0.45,0.45-MIN(0.1,(IF(ISNUMBER(AC20),(INT(AC20)-1)*32+ROUND(MOD(AC20,1)*100,0),256)/255)*0.1)))+MIN(7,MAX(0,(U20/0.4)*7))*Z20+MIN(3,MAX(0,(V20/0.2)*3))*Z20+MIN(3,MAX(0,((W20-2)/2)*3))*Z20+MIN(4,MAX(0,(X20/0.18)*4))*Z20)>60,60+SQRT(((IF(LOWER(AC20)="udfa",10,100-IF(ISNUMBER(AC20),(INT(AC20)-1)*32+ROUND(MOD(AC20,1)*100,0),256)*0.25-IF(IF(ISNUMBER(AC20),(INT(AC20)-1)*32+ROUND(MOD(AC20,1)*100,0),256)>96,(IF(ISNUMBER(AC20),(INT(AC20)-1)*32+ROUND(MOD(AC20,1)*100,0),256)-96)*0.15,0)-IF(IF(ISNUMBER(AC20),(INT(AC20)-1)*32+ROUND(MOD(AC20,1)*100,0),256)>75,8,0)-IF(IF(ISNUMBER(AC20),(INT(AC20)-1)*32+ROUND(MOD(AC20,1)*100,0),256)>10,10,0)))*IF(LOWER(AC20)="udfa",0.45,0.45-MIN(0.1,(IF(ISNUMBER(AC20),(INT(AC20)-1)*32+ROUND(MOD(AC20,1)*100,0),256)/255)*0.1))+(IF(AND(M20>=29,M20<=32),15,15-ABS(30.5-M20)*3)+(O20/110)*12+T20+30+(MIN(15,MAX(0,((P20-4)/3.6)*15))+((Q20/3)*10)+(((S20-2)/1.5)*5))*Z20)*(1-IF(LOWER(AC20)="udfa",0.45,0.45-MIN(0.1,(IF(ISNUMBER(AC20),(INT(AC20)-1)*32+ROUND(MOD(AC20,1)*100,0),256)/255)*0.1)))+MIN(7,MAX(0,(U20/0.4)*7))*Z20+MIN(3,MAX(0,(V20/0.2)*3))*Z20+MIN(3,MAX(0,((W20-2)/2)*3))*Z20+MIN(4,MAX(0,(X20/0.18)*4))*Z20)-60)*5.5,((IF(LOWER(AC20)="udfa",10,100-IF(ISNUMBER(AC20),(INT(AC20)-1)*32+ROUND(MOD(AC20,1)*100,0),256)*0.25-IF(IF(ISNUMBER(AC20),(INT(AC20)-1)*32+ROUND(MOD(AC20,1)*100,0),256)>96,(IF(ISNUMBER(AC20),(INT(AC20)-1)*32+ROUND(MOD(AC20,1)*100,0),256)-96)*0.15,0)-IF(IF(ISNUMBER(AC20),(INT(AC20)-1)*32+ROUND(MOD(AC20,1)*100,0),256)>75,8,0)-IF(IF(ISNUMBER(AC20),(INT(AC20)-1)*32+ROUND(MOD(AC20,1)*100,0),256)>10,10,0)))*IF(LOWER(AC20)="udfa",0.45,0.45-MIN(0.1,(IF(ISNUMBER(AC20),(INT(AC20)-1)*32+ROUND(MOD(AC20,1)*100,0),256)/255)*0.1))+(IF(AND(M20>=29,M20<=32),15,15-ABS(30.5-M20)*3)+(O20/110)*12+T20+30+(MIN(15,MAX(0,((P20-4)/3.6)*15))+((Q20/3)*10)+(((S20-2)/1.5)*5))*Z20)*(1-IF(LOWER(AC20)="udfa",0.45,0.45-MIN(0.1,(IF(ISNUMBER(AC20),(INT(AC20)-1)*32+ROUND(MOD(AC20,1)*100,0),256)/255)*0.1)))+MIN(7,MAX(0,(U20/0.4)*7))*Z20+MIN(3,MAX(0,(V20/0.2)*3))*Z20+MIN(3,MAX(0,((W20-2)/2)*3))*Z20+MIN(4,MAX(0,(X20/0.18)*4))*Z20)+AB20*0.08)+MAX(0,IFERROR(VALUE(AE20),0)))))/103*100,1)) -> 58.5 | AG20: =IF(AF20=-999,"",IF(AF20>=94,"Generational RB",IF(AF20>=86,"Franchise Back",IF(AF20>=77,"Featured Back",IF(AF20>=67,"Flex Starter",IF(AF20>=57,"Handcuff/Upside",IF(AF20>=44,"UDFA"))))))) -> Handcuff/Upside
A21: LAC | B21: 7.5 | C21: Mix | D21: 6.5 | E21: 10 | F21: =IF((E21*0.5+B21*0.3+D21*0.2)>=8.5,3,IF((E21*0.5+B21*0.3+D21*0.2)>=7,2,IF((E21*0.5+B21*0.3+D21*0.2)>=5.5,1,IF((E21*0.5+B21*0.3+D21*0.2)>=4,0,-2)))) -> 3 | G21: =IF(F21>=1.25,"Workhorse Situation",IF(F21>=1.15,"Featured Role",IF(F21>=1.05,"Contributor",IF(F21>=1,"Neutral",IF(F21>=0.9,"Competition Risk",IF(F21>=0.8,"Poor Fit","Landmine")))))) -> Workhorse Situation | H21: Good OL; Harmon Gafford building | J21: Robert Henry Jr. (UTSA) | K21: 69 | L21: 196 | M21: =L21/K21^2*703 -> 28.940979 | N21: 4.52 | O21: =MIN(120,(200*L21)/(N21^4)) -> 93.91443 | P21: 7.65 | Q21: 1.55 | R21: 0.0118 | S21: 3.8 | T21: 7.47 | U21: 0.2055 | V21: 0.1053 | W21: 4.25 | X21: 0.0563 | Y21: =(IF(AND(M21>=29, M21<=32), 15, 15-ABS(30.5-M21)*3)) + ((O21/110)*12) + (((P21-4)/3.6)*15) + ((Q21/3)*10) + (((S21-2)/1.5)*5) + T21 + 30 -> 84.413147 | Z21: 0.85 | AA21: =ROUND(MIN(20,(T21/10)*20)+MIN(20,MAX(0,(O21/120)*20))+MIN(20,MAX(0,((P21-4)/4)*20))+MIN(15,MAX(0,((S21-1.5)/3)*15))+MIN(15,MAX(0,(U21/0.35)*15))+MIN(10,MAX(0,(V21/0.25)*10)),1) -> 73.4 | AB21: =ROUND(MIN(25,(Q21/3)*25)+MIN(20,MAX(0,(X21/0.2)*20))+MIN(15,MAX(0,(W21/3.5)*15))+IF(ISNUMBER(AC21),MAX(0,40-((INT(AC21)-1)*32+ROUND(MOD(AC21,1)*100,0))*0.18),IF(LOWER(AC21)="udfa",5,25))+MIN(5,MAX(0,((0.02-R21)/0.017)*5)),1) -> 41 | AC21: UDFA | AD21: WAS | AE21: =IF(AD21="","1.00",IFERROR(VLOOKUP(AD21,'RB Model Page'!$A:$F,6,FALSE()),1)) -> 0 | AF21: =IF(AND(LOWER(AC21)="udfa",OR(AD21="N/A",AD21="")),-999,ROUND((MIN(99.9,MAX(0,IF(((IF(LOWER(AC21)="udfa",10,100-IF(ISNUMBER(AC21),(INT(AC21)-1)*32+ROUND(MOD(AC21,1)*100,0),256)*0.25-IF(IF(ISNUMBER(AC21),(INT(AC21)-1)*32+ROUND(MOD(AC21,1)*100,0),256)>96,(IF(ISNUMBER(AC21),(INT(AC21)-1)*32+ROUND(MOD(AC21,1)*100,0),256)-96)*0.15,0)-IF(IF(ISNUMBER(AC21),(INT(AC21)-1)*32+ROUND(MOD(AC21,1)*100,0),256)>75,8,0)-IF(IF(ISNUMBER(AC21),(INT(AC21)-1)*32+ROUND(MOD(AC21,1)*100,0),256)>10,10,0)))*IF(LOWER(AC21)="udfa",0.45,0.45-MIN(0.1,(IF(ISNUMBER(AC21),(INT(AC21)-1)*32+ROUND(MOD(AC21,1)*100,0),256)/255)*0.1))+(IF(AND(M21>=29,M21<=32),15,15-ABS(30.5-M21)*3)+(O21/110)*12+T21+30+(MIN(15,MAX(0,((P21-4)/3.6)*15))+((Q21/3)*10)+(((S21-2)/1.5)*5))*Z21)*(1-IF(LOWER(AC21)="udfa",0.45,0.45-MIN(0.1,(IF(ISNUMBER(AC21),(INT(AC21)-1)*32+ROUND(MOD(AC21,1)*100,0),256)/255)*0.1)))+MIN(7,MAX(0,(U21/0.4)*7))*Z21+MIN(3,MAX(0,(V21/0.2)*3))*Z21+MIN(3,MAX(0,((W21-2)/2)*3))*Z21+MIN(4,MAX(0,(X21/0.18)*4))*Z21)>60,60+SQRT(((IF(LOWER(AC21)="udfa",10,100-IF(ISNUMBER(AC21),(INT(AC21)-1)*32+ROUND(MOD(AC21,1)*100,0),256)*0.25-IF(IF(ISNUMBER(AC21),(INT(AC21)-1)*32+ROUND(MOD(AC21,1)*100,0),256)>96,(IF(ISNUMBER(AC21),(INT(AC21)-1)*32+ROUND(MOD(AC21,1)*100,0),256)-96)*0.15,0)-IF(IF(ISNUMBER(AC21),(INT(AC21)-1)*32+ROUND(MOD(AC21,1)*100,0),256)>75,8,0)-IF(IF(ISNUMBER(AC21),(INT(AC21)-1)*32+ROUND(MOD(AC21,1)*100,0),256)>10,10,0)))*IF(LOWER(AC21)="udfa",0.45,0.45-MIN(0.1,(IF(ISNUMBER(AC21),(INT(AC21)-1)*32+ROUND(MOD(AC21,1)*100,0),256)/255)*0.1))+(IF(AND(M21>=29,M21<=32),15,15-ABS(30.5-M21)*3)+(O21/110)*12+T21+30+(MIN(15,MAX(0,((P21-4)/3.6)*15))+((Q21/3)*10)+(((S21-2)/1.5)*5))*Z21)*(1-IF(LOWER(AC21)="udfa",0.45,0.45-MIN(0.1,(IF(ISNUMBER(AC21),(INT(AC21)-1)*32+ROUND(MOD(AC21,1)*100,0),256)/255)*0.1)))+MIN(7,MAX(0,(U21/0.4)*7))*Z21+MIN(3,MAX(0,(V21/0.2)*3))*Z21+MIN(3,MAX(0,((W21-2)/2)*3))*Z21+MIN(4,MAX(0,(X21/0.18)*4))*Z21)-60)*5.5,((IF(LOWER(AC21)="udfa",10,100-IF(ISNUMBER(AC21),(INT(AC21)-1)*32+ROUND(MOD(AC21,1)*100,0),256)*0.25-IF(IF(ISNUMBER(AC21),(INT(AC21)-1)*32+ROUND(MOD(AC21,1)*100,0),256)>96,(IF(ISNUMBER(AC21),(INT(AC21)-1)*32+ROUND(MOD(AC21,1)*100,0),256)-96)*0.15,0)-IF(IF(ISNUMBER(AC21),(INT(AC21)-1)*32+ROUND(MOD(AC21,1)*100,0),256)>75,8,0)-IF(IF(ISNUMBER(AC21),(INT(AC21)-1)*32+ROUND(MOD(AC21,1)*100,0),256)>10,10,0)))*IF(LOWER(AC21)="udfa",0.45,0.45-MIN(0.1,(IF(ISNUMBER(AC21),(INT(AC21)-1)*32+ROUND(MOD(AC21,1)*100,0),256)/255)*0.1))+(IF(AND(M21>=29,M21<=32),15,15-ABS(30.5-M21)*3)+(O21/110)*12+T21+30+(MIN(15,MAX(0,((P21-4)/3.6)*15))+((Q21/3)*10)+(((S21-2)/1.5)*5))*Z21)*(1-IF(LOWER(AC21)="udfa",0.45,0.45-MIN(0.1,(IF(ISNUMBER(AC21),(INT(AC21)-1)*32+ROUND(MOD(AC21,1)*100,0),256)/255)*0.1)))+MIN(7,MAX(0,(U21/0.4)*7))*Z21+MIN(3,MAX(0,(V21/0.2)*3))*Z21+MIN(3,MAX(0,((W21-2)/2)*3))*Z21+MIN(4,MAX(0,(X21/0.18)*4))*Z21)+AB21*0.08)+MAX(0,IFERROR(VALUE(AE21),0)))))/103*100,1)) -> 58.2 | AG21: =IF(AF21=-999,"",IF(AF21>=94,"Generational RB",IF(AF21>=86,"Franchise Back",IF(AF21>=77,"Featured Back",IF(AF21>=67,"Flex Starter",IF(AF21>=57,"Handcuff/Upside",IF(AF21>=44,"UDFA"))))))) -> Handcuff/Upside
A22: LAR | B22: 8 | C22: Gap | D22: 8.5 | E22: =IFERROR(VLOOKUP(A22,Vacancy_Calculator!$A$4:$D$35,2,FALSE()),0) -> 0 | F22: =IF((E22*0.5+B22*0.3+D22*0.2)>=8.5,3,IF((E22*0.5+B22*0.3+D22*0.2)>=7,2,IF((E22*0.5+B22*0.3+D22*0.2)>=5.5,1,IF((E22*0.5+B22*0.3+D22*0.2)>=4,0,-2)))) -> 0 | G22: =IF(F22>=1.25,"Workhorse Situation",IF(F22>=1.15,"Featured Role",IF(F22>=1.05,"Contributor",IF(F22>=1,"Neutral",IF(F22>=0.9,"Competition Risk",IF(F22>=0.8,"Poor Fit","Landmine")))))) -> Landmine | H22: Strong OL; heavy run game; Kyren Williams dependency | J22: Kentrel Bullock (South Alabama) | K22: 70 | L22: 208 | M22: =L22/K22^2*703 -> 29.841633 | N22: 4.55 | O22: =MIN(120,(200*L22)/(N22^4)) -> 97.061667 | P22: 5.77 | Q22: 1.16 | R22: 0.005 | S22: 3.6 | T22: 6 | U22: 0.2124 | V22: 0.0596 | W22: 3.58 | X22: 0.0588 | Y22: =(IF(AND(M22>=29, M22<=32), 15, 15-ABS(30.5-M22)*3)) + ((O22/110)*12) + (((P22-4)/3.6)*15) + ((Q22/3)*10) + (((S22-2)/1.5)*5) + T22 + 30 -> 78.163545 | Z22: 0.85 | AA22: =ROUND(MIN(20,(T22/10)*20)+MIN(20,MAX(0,(O22/120)*20))+MIN(20,MAX(0,((P22-4)/4)*20))+MIN(15,MAX(0,((S22-1.5)/3)*15))+MIN(15,MAX(0,(U22/0.35)*15))+MIN(10,MAX(0,(V22/0.25)*10)),1) -> 59 | AB22: =ROUND(MIN(25,(Q22/3)*25)+MIN(20,MAX(0,(X22/0.2)*20))+MIN(15,MAX(0,(W22/3.5)*15))+IF(ISNUMBER(AC22),MAX(0,40-((INT(AC22)-1)*32+ROUND(MOD(AC22,1)*100,0))*0.18),IF(LOWER(AC22)="udfa",5,25))+MIN(5,MAX(0,((0.02-R22)/0.017)*5)),1) -> 40 | AC22: UDFA | AD22: UDFA | AE22: =IF(AD22="","1.00",IFERROR(VLOOKUP(AD22,'RB Model Page'!$A:$F,6,FALSE()),1)) -> 1 | AF22: =IF(AND(LOWER(AC22)="udfa",OR(AD22="N/A",AD22="")),-999,ROUND((MIN(99.9,MAX(0,IF(((IF(LOWER(AC22)="udfa",10,100-IF(ISNUMBER(AC22),(INT(AC22)-1)*32+ROUND(MOD(AC22,1)*100,0),256)*0.25-IF(IF(ISNUMBER(AC22),(INT(AC22)-1)*32+ROUND(MOD(AC22,1)*100,0),256)>96,(IF(ISNUMBER(AC22),(INT(AC22)-1)*32+ROUND(MOD(AC22,1)*100,0),256)-96)*0.15,0)-IF(IF(ISNUMBER(AC22),(INT(AC22)-1)*32+ROUND(MOD(AC22,1)*100,0),256)>75,8,0)-IF(IF(ISNUMBER(AC22),(INT(AC22)-1)*32+ROUND(MOD(AC22,1)*100,0),256)>10,10,0)))*IF(LOWER(AC22)="udfa",0.45,0.45-MIN(0.1,(IF(ISNUMBER(AC22),(INT(AC22)-1)*32+ROUND(MOD(AC22,1)*100,0),256)/255)*0.1))+(IF(AND(M22>=29,M22<=32),15,15-ABS(30.5-M22)*3)+(O22/110)*12+T22+30+(MIN(15,MAX(0,((P22-4)/3.6)*15))+((Q22/3)*10)+(((S22-2)/1.5)*5))*Z22)*(1-IF(LOWER(AC22)="udfa",0.45,0.45-MIN(0.1,(IF(ISNUMBER(AC22),(INT(AC22)-1)*32+ROUND(MOD(AC22,1)*100,0),256)/255)*0.1)))+MIN(7,MAX(0,(U22/0.4)*7))*Z22+MIN(3,MAX(0,(V22/0.2)*3))*Z22+MIN(3,MAX(0,((W22-2)/2)*3))*Z22+MIN(4,MAX(0,(X22/0.18)*4))*Z22)>60,60+SQRT(((IF(LOWER(AC22)="udfa",10,100-IF(ISNUMBER(AC22),(INT(AC22)-1)*32+ROUND(MOD(AC22,1)*100,0),256)*0.25-IF(IF(ISNUMBER(AC22),(INT(AC22)-1)*32+ROUND(MOD(AC22,1)*100,0),256)>96,(IF(ISNUMBER(AC22),(INT(AC22)-1)*32+ROUND(MOD(AC22,1)*100,0),256)-96)*0.15,0)-IF(IF(ISNUMBER(AC22),(INT(AC22)-1)*32+ROUND(MOD(AC22,1)*100,0),256)>75,8,0)-IF(IF(ISNUMBER(AC22),(INT(AC22)-1)*32+ROUND(MOD(AC22,1)*100,0),256)>10,10,0)))*IF(LOWER(AC22)="udfa",0.45,0.45-MIN(0.1,(IF(ISNUMBER(AC22),(INT(AC22)-1)*32+ROUND(MOD(AC22,1)*100,0),256)/255)*0.1))+(IF(AND(M22>=29,M22<=32),15,15-ABS(30.5-M22)*3)+(O22/110)*12+T22+30+(MIN(15,MAX(0,((P22-4)/3.6)*15))+((Q22/3)*10)+(((S22-2)/1.5)*5))*Z22)*(1-IF(LOWER(AC22)="udfa",0.45,0.45-MIN(0.1,(IF(ISNUMBER(AC22),(INT(AC22)-1)*32+ROUND(MOD(AC22,1)*100,0),256)/255)*0.1)))+MIN(7,MAX(0,(U22/0.4)*7))*Z22+MIN(3,MAX(0,(V22/0.2)*3))*Z22+MIN(3,MAX(0,((W22-2)/2)*3))*Z22+MIN(4,MAX(0,(X22/0.18)*4))*Z22)-60)*5.5,((IF(LOWER(AC22)="udfa",10,100-IF(ISNUMBER(AC22),(INT(AC22)-1)*32+ROUND(MOD(AC22,1)*100,0),256)*0.25-IF(IF(ISNUMBER(AC22),(INT(AC22)-1)*32+ROUND(MOD(AC22,1)*100,0),256)>96,(IF(ISNUMBER(AC22),(INT(AC22)-1)*32+ROUND(MOD(AC22,1)*100,0),256)-96)*0.15,0)-IF(IF(ISNUMBER(AC22),(INT(AC22)-1)*32+ROUND(MOD(AC22,1)*100,0),256)>75,8,0)-IF(IF(ISNUMBER(AC22),(INT(AC22)-1)*32+ROUND(MOD(AC22,1)*100,0),256)>10,10,0)))*IF(LOWER(AC22)="udfa",0.45,0.45-MIN(0.1,(IF(ISNUMBER(AC22),(INT(AC22)-1)*32+ROUND(MOD(AC22,1)*100,0),256)/255)*0.1))+(IF(AND(M22>=29,M22<=32),15,15-ABS(30.5-M22)*3)+(O22/110)*12+T22+30+(MIN(15,MAX(0,((P22-4)/3.6)*15))+((Q22/3)*10)+(((S22-2)/1.5)*5))*Z22)*(1-IF(LOWER(AC22)="udfa",0.45,0.45-MIN(0.1,(IF(ISNUMBER(AC22),(INT(AC22)-1)*32+ROUND(MOD(AC22,1)*100,0),256)/255)*0.1)))+MIN(7,MAX(0,(U22/0.4)*7))*Z22+MIN(3,MAX(0,(V22/0.2)*3))*Z22+MIN(3,MAX(0,((W22-2)/2)*3))*Z22+MIN(4,MAX(0,(X22/0.18)*4))*Z22)+AB22*0.08)+MAX(0,IFERROR(VALUE(AE22),0)))))/103*100,1)) -> 55.7 | AG22: =IF(AF22=-999,"",IF(AF22>=94,"Generational RB",IF(AF22>=86,"Franchise Back",IF(AF22>=77,"Featured Back",IF(AF22>=67,"Flex Starter",IF(AF22>=57,"Handcuff/Upside",IF(AF22>=44,"UDFA"))))))) -> UDFA
A23: LV | B23: 5.5 | C23: Mix | D23: 6 | E23: =IFERROR(VLOOKUP(A23,Vacancy_Calculator!$A$4:$D$35,2,FALSE()),0) -> 2 | F23: =IF((E23*0.5+B23*0.3+D23*0.2)>=8.5,3,IF((E23*0.5+B23*0.3+D23*0.2)>=7,2,IF((E23*0.5+B23*0.3+D23*0.2)>=5.5,1,IF((E23*0.5+B23*0.3+D23*0.2)>=4,0,-2)))) -> -2 | G23: =IF(F23>=1.25,"Workhorse Situation",IF(F23>=1.15,"Featured Role",IF(F23>=1.05,"Contributor",IF(F23>=1,"Neutral",IF(F23>=0.9,"Competition Risk",IF(F23>=0.8,"Poor Fit","Landmine")))))) -> Landmine | H23: Below avg OL; heavy vacancy possible | J23: Trey Cooley (Troy/UW - DNP 2025) | K23: 70 | L23: 205 | M23: =L23/K23^2*703 -> 29.411224 | N23: 4.5 | O23: =MIN(120,(200*L23)/(N23^4)) -> 99.984758 | P23: 5.4 | Q23: 1.6 | R23: 0.012 | S23: 3 | T23: 6 | U23: 0.22 | V23: 0.18 | W23: 2.8 | X23: 0.07 | Y23: =(IF(AND(M23>=29, M23<=32), 15, 15-ABS(30.5-M23)*3)) + ((O23/110)*12) + (((P23-4)/3.6)*15) + ((Q23/3)*10) + (((S23-2)/1.5)*5) + T23 + 30 -> 76.407428 | Z23: 0.85 | AA23: =ROUND(MIN(20,(T23/10)*20)+MIN(20,MAX(0,(O23/120)*20))+MIN(20,MAX(0,((P23-4)/4)*20))+MIN(15,MAX(0,((S23-1.5)/3)*15))+MIN(15,MAX(0,(U23/0.35)*15))+MIN(10,MAX(0,(V23/0.25)*10)),1) -> 59.8 | AB23: =ROUND(MIN(25,(Q23/3)*25)+MIN(20,MAX(0,(X23/0.2)*20))+MIN(15,MAX(0,(W23/3.5)*15))+IF(ISNUMBER(AC23),MAX(0,40-((INT(AC23)-1)*32+ROUND(MOD(AC23,1)*100,0))*0.18),IF(LOWER(AC23)="udfa",5,25))+MIN(5,MAX(0,((0.02-R23)/0.017)*5)),1) -> 39.7 | AC23: UDFA | AD23: UDFA | AE23: =IF(AD23="","1.00",IFERROR(VLOOKUP(AD23,'RB Model Page'!$A:$F,6,FALSE()),1)) -> 1 | AF23: =IF(AND(LOWER(AC23)="udfa",OR(AD23="N/A",AD23="")),-999,ROUND((MIN(99.9,MAX(0,IF(((IF(LOWER(AC23)="udfa",10,100-IF(ISNUMBER(AC23),(INT(AC23)-1)*32+ROUND(MOD(AC23,1)*100,0),256)*0.25-IF(IF(ISNUMBER(AC23),(INT(AC23)-1)*32+ROUND(MOD(AC23,1)*100,0),256)>96,(IF(ISNUMBER(AC23),(INT(AC23)-1)*32+ROUND(MOD(AC23,1)*100,0),256)-96)*0.15,0)-IF(IF(ISNUMBER(AC23),(INT(AC23)-1)*32+ROUND(MOD(AC23,1)*100,0),256)>75,8,0)-IF(IF(ISNUMBER(AC23),(INT(AC23)-1)*32+ROUND(MOD(AC23,1)*100,0),256)>10,10,0)))*IF(LOWER(AC23)="udfa",0.45,0.45-MIN(0.1,(IF(ISNUMBER(AC23),(INT(AC23)-1)*32+ROUND(MOD(AC23,1)*100,0),256)/255)*0.1))+(IF(AND(M23>=29,M23<=32),15,15-ABS(30.5-M23)*3)+(O23/110)*12+T23+30+(MIN(15,MAX(0,((P23-4)/3.6)*15))+((Q23/3)*10)+(((S23-2)/1.5)*5))*Z23)*(1-IF(LOWER(AC23)="udfa",0.45,0.45-MIN(0.1,(IF(ISNUMBER(AC23),(INT(AC23)-1)*32+ROUND(MOD(AC23,1)*100,0),256)/255)*0.1)))+MIN(7,MAX(0,(U23/0.4)*7))*Z23+MIN(3,MAX(0,(V23/0.2)*3))*Z23+MIN(3,MAX(0,((W23-2)/2)*3))*Z23+MIN(4,MAX(0,(X23/0.18)*4))*Z23)>60,60+SQRT(((IF(LOWER(AC23)="udfa",10,100-IF(ISNUMBER(AC23),(INT(AC23)-1)*32+ROUND(MOD(AC23,1)*100,0),256)*0.25-IF(IF(ISNUMBER(AC23),(INT(AC23)-1)*32+ROUND(MOD(AC23,1)*100,0),256)>96,(IF(ISNUMBER(AC23),(INT(AC23)-1)*32+ROUND(MOD(AC23,1)*100,0),256)-96)*0.15,0)-IF(IF(ISNUMBER(AC23),(INT(AC23)-1)*32+ROUND(MOD(AC23,1)*100,0),256)>75,8,0)-IF(IF(ISNUMBER(AC23),(INT(AC23)-1)*32+ROUND(MOD(AC23,1)*100,0),256)>10,10,0)))*IF(LOWER(AC23)="udfa",0.45,0.45-MIN(0.1,(IF(ISNUMBER(AC23),(INT(AC23)-1)*32+ROUND(MOD(AC23,1)*100,0),256)/255)*0.1))+(IF(AND(M23>=29,M23<=32),15,15-ABS(30.5-M23)*3)+(O23/110)*12+T23+30+(MIN(15,MAX(0,((P23-4)/3.6)*15))+((Q23/3)*10)+(((S23-2)/1.5)*5))*Z23)*(1-IF(LOWER(AC23)="udfa",0.45,0.45-MIN(0.1,(IF(ISNUMBER(AC23),(INT(AC23)-1)*32+ROUND(MOD(AC23,1)*100,0),256)/255)*0.1)))+MIN(7,MAX(0,(U23/0.4)*7))*Z23+MIN(3,MAX(0,(V23/0.2)*3))*Z23+MIN(3,MAX(0,((W23-2)/2)*3))*Z23+MIN(4,MAX(0,(X23/0.18)*4))*Z23)-60)*5.5,((IF(LOWER(AC23)="udfa",10,100-IF(ISNUMBER(AC23),(INT(AC23)-1)*32+ROUND(MOD(AC23,1)*100,0),256)*0.25-IF(IF(ISNUMBER(AC23),(INT(AC23)-1)*32+ROUND(MOD(AC23,1)*100,0),256)>96,(IF(ISNUMBER(AC23),(INT(AC23)-1)*32+ROUND(MOD(AC23,1)*100,0),256)-96)*0.15,0)-IF(IF(ISNUMBER(AC23),(INT(AC23)-1)*32+ROUND(MOD(AC23,1)*100,0),256)>75,8,0)-IF(IF(ISNUMBER(AC23),(INT(AC23)-1)*32+ROUND(MOD(AC23,1)*100,0),256)>10,10,0)))*IF(LOWER(AC23)="udfa",0.45,0.45-MIN(0.1,(IF(ISNUMBER(AC23),(INT(AC23)-1)*32+ROUND(MOD(AC23,1)*100,0),256)/255)*0.1))+(IF(AND(M23>=29,M23<=32),15,15-ABS(30.5-M23)*3)+(O23/110)*12+T23+30+(MIN(15,MAX(0,((P23-4)/3.6)*15))+((Q23/3)*10)+(((S23-2)/1.5)*5))*Z23)*(1-IF(LOWER(AC23)="udfa",0.45,0.45-MIN(0.1,(IF(ISNUMBER(AC23),(INT(AC23)-1)*32+ROUND(MOD(AC23,1)*100,0),256)/255)*0.1)))+MIN(7,MAX(0,(U23/0.4)*7))*Z23+MIN(3,MAX(0,(V23/0.2)*3))*Z23+MIN(3,MAX(0,((W23-2)/2)*3))*Z23+MIN(4,MAX(0,(X23/0.18)*4))*Z23)+AB23*0.08)+MAX(0,IFERROR(VALUE(AE23),0)))))/103*100,1)) -> 55.7 | AG23: =IF(AF23=-999,"",IF(AF23>=94,"Generational RB",IF(AF23>=86,"Franchise Back",IF(AF23>=77,"Featured Back",IF(AF23>=67,"Flex Starter",IF(AF23>=57,"Handcuff/Upside",IF(AF23>=44,"UDFA"))))))) -> UDFA
A24: MIA | B24: 6.5 | C24: Zone | D24: 6 | E24: =IFERROR(VLOOKUP(A24,Vacancy_Calculator!$A$4:$D$35,2,FALSE()),0) -> 0 | F24: =IF((E24*0.5+B24*0.3+D24*0.2)>=8.5,3,IF((E24*0.5+B24*0.3+D24*0.2)>=7,2,IF((E24*0.5+B24*0.3+D24*0.2)>=5.5,1,IF((E24*0.5+B24*0.3+D24*0.2)>=4,0,-2)))) -> -2 | G24: =IF(F24>=1.25,"Workhorse Situation",IF(F24>=1.15,"Featured Role",IF(F24>=1.05,"Contributor",IF(F24>=1,"Neutral",IF(F24>=0.9,"Competition Risk",IF(F24>=0.8,"Poor Fit","Landmine")))))) -> Landmine | H24: Average OL; De'Von Achane dynamic but injury risk | J24: Le'veon Moss (Texas A&M) | K24: 71 | L24: 203 | M24: =L24/K24^2*703 -> 28.309661 | N24: 4.5 | O24: =MIN(120,(200*L24)/(N24^4)) -> 99.009297 | P24: 6.59 | Q24: 0.75 | R24: 0.0095 | S24: 4.4 | T24: 8 | U24: 0.1248 | V24: 0.0758 | W24: 4.4 | X24: 0.0301 | Y24: =(IF(AND(M24>=29, M24<=32), 15, 15-ABS(30.5-M24)*3)) + ((O24/110)*12) + (((P24-4)/3.6)*15) + ((Q24/3)*10) + (((S24-2)/1.5)*5) + T24 + 30 -> 78.521663 | Z24: 1 | AA24: =ROUND(MIN(20,(T24/10)*20)+MIN(20,MAX(0,(O24/120)*20))+MIN(20,MAX(0,((P24-4)/4)*20))+MIN(15,MAX(0,((S24-1.5)/3)*15))+MIN(15,MAX(0,(U24/0.35)*15))+MIN(10,MAX(0,(V24/0.25)*10)),1) -> 68.3 | AB24: =ROUND(MIN(25,(Q24/3)*25)+MIN(20,MAX(0,(X24/0.2)*20))+MIN(15,MAX(0,(W24/3.5)*15))+IF(ISNUMBER(AC24),MAX(0,40-((INT(AC24)-1)*32+ROUND(MOD(AC24,1)*100,0))*0.18),IF(LOWER(AC24)="udfa",5,25))+MIN(5,MAX(0,((0.02-R24)/0.017)*5)),1) -> 32.3 | AC24: UDFA | AD24: MIA | AE24: =IF(AD24="","1.00",IFERROR(VLOOKUP(AD24,'RB Model Page'!$A:$F,6,FALSE()),1)) -> -2 | AF24: =IF(AND(LOWER(AC24)="udfa",OR(AD24="N/A",AD24="")),-999,ROUND((MIN(99.9,MAX(0,IF(((IF(LOWER(AC24)="udfa",10,100-IF(ISNUMBER(AC24),(INT(AC24)-1)*32+ROUND(MOD(AC24,1)*100,0),256)*0.25-IF(IF(ISNUMBER(AC24),(INT(AC24)-1)*32+ROUND(MOD(AC24,1)*100,0),256)>96,(IF(ISNUMBER(AC24),(INT(AC24)-1)*32+ROUND(MOD(AC24,1)*100,0),256)-96)*0.15,0)-IF(IF(ISNUMBER(AC24),(INT(AC24)-1)*32+ROUND(MOD(AC24,1)*100,0),256)>75,8,0)-IF(IF(ISNUMBER(AC24),(INT(AC24)-1)*32+ROUND(MOD(AC24,1)*100,0),256)>10,10,0)))*IF(LOWER(AC24)="udfa",0.45,0.45-MIN(0.1,(IF(ISNUMBER(AC24),(INT(AC24)-1)*32+ROUND(MOD(AC24,1)*100,0),256)/255)*0.1))+(IF(AND(M24>=29,M24<=32),15,15-ABS(30.5-M24)*3)+(O24/110)*12+T24+30+(MIN(15,MAX(0,((P24-4)/3.6)*15))+((Q24/3)*10)+(((S24-2)/1.5)*5))*Z24)*(1-IF(LOWER(AC24)="udfa",0.45,0.45-MIN(0.1,(IF(ISNUMBER(AC24),(INT(AC24)-1)*32+ROUND(MOD(AC24,1)*100,0),256)/255)*0.1)))+MIN(7,MAX(0,(U24/0.4)*7))*Z24+MIN(3,MAX(0,(V24/0.2)*3))*Z24+MIN(3,MAX(0,((W24-2)/2)*3))*Z24+MIN(4,MAX(0,(X24/0.18)*4))*Z24)>60,60+SQRT(((IF(LOWER(AC24)="udfa",10,100-IF(ISNUMBER(AC24),(INT(AC24)-1)*32+ROUND(MOD(AC24,1)*100,0),256)*0.25-IF(IF(ISNUMBER(AC24),(INT(AC24)-1)*32+ROUND(MOD(AC24,1)*100,0),256)>96,(IF(ISNUMBER(AC24),(INT(AC24)-1)*32+ROUND(MOD(AC24,1)*100,0),256)-96)*0.15,0)-IF(IF(ISNUMBER(AC24),(INT(AC24)-1)*32+ROUND(MOD(AC24,1)*100,0),256)>75,8,0)-IF(IF(ISNUMBER(AC24),(INT(AC24)-1)*32+ROUND(MOD(AC24,1)*100,0),256)>10,10,0)))*IF(LOWER(AC24)="udfa",0.45,0.45-MIN(0.1,(IF(ISNUMBER(AC24),(INT(AC24)-1)*32+ROUND(MOD(AC24,1)*100,0),256)/255)*0.1))+(IF(AND(M24>=29,M24<=32),15,15-ABS(30.5-M24)*3)+(O24/110)*12+T24+30+(MIN(15,MAX(0,((P24-4)/3.6)*15))+((Q24/3)*10)+(((S24-2)/1.5)*5))*Z24)*(1-IF(LOWER(AC24)="udfa",0.45,0.45-MIN(0.1,(IF(ISNUMBER(AC24),(INT(AC24)-1)*32+ROUND(MOD(AC24,1)*100,0),256)/255)*0.1)))+MIN(7,MAX(0,(U24/0.4)*7))*Z24+MIN(3,MAX(0,(V24/0.2)*3))*Z24+MIN(3,MAX(0,((W24-2)/2)*3))*Z24+MIN(4,MAX(0,(X24/0.18)*4))*Z24)-60)*5.5,((IF(LOWER(AC24)="udfa",10,100-IF(ISNUMBER(AC24),(INT(AC24)-1)*32+ROUND(MOD(AC24,1)*100,0),256)*0.25-IF(IF(ISNUMBER(AC24),(INT(AC24)-1)*32+ROUND(MOD(AC24,1)*100,0),256)>96,(IF(ISNUMBER(AC24),(INT(AC24)-1)*32+ROUND(MOD(AC24,1)*100,0),256)-96)*0.15,0)-IF(IF(ISNUMBER(AC24),(INT(AC24)-1)*32+ROUND(MOD(AC24,1)*100,0),256)>75,8,0)-IF(IF(ISNUMBER(AC24),(INT(AC24)-1)*32+ROUND(MOD(AC24,1)*100,0),256)>10,10,0)))*IF(LOWER(AC24)="udfa",0.45,0.45-MIN(0.1,(IF(ISNUMBER(AC24),(INT(AC24)-1)*32+ROUND(MOD(AC24,1)*100,0),256)/255)*0.1))+(IF(AND(M24>=29,M24<=32),15,15-ABS(30.5-M24)*3)+(O24/110)*12+T24+30+(MIN(15,MAX(0,((P24-4)/3.6)*15))+((Q24/3)*10)+(((S24-2)/1.5)*5))*Z24)*(1-IF(LOWER(AC24)="udfa",0.45,0.45-MIN(0.1,(IF(ISNUMBER(AC24),(INT(AC24)-1)*32+ROUND(MOD(AC24,1)*100,0),256)/255)*0.1)))+MIN(7,MAX(0,(U24/0.4)*7))*Z24+MIN(3,MAX(0,(V24/0.2)*3))*Z24+MIN(3,MAX(0,((W24-2)/2)*3))*Z24+MIN(4,MAX(0,(X24/0.18)*4))*Z24)+AB24*0.08)+MAX(0,IFERROR(VALUE(AE24),0)))))/103*100,1)) -> 55.6 | AG24: =IF(AF24=-999,"",IF(AF24>=94,"Generational RB",IF(AF24>=86,"Franchise Back",IF(AF24>=77,"Featured Back",IF(AF24>=67,"Flex Starter",IF(AF24>=57,"Handcuff/Upside",IF(AF24>=44,"UDFA"))))))) -> UDFA
A25: MIN | B25: 8.5 | C25: Zone | D25: 7.5 | E25: =IFERROR(VLOOKUP(A25,Vacancy_Calculator!$A$4:$D$35,2,FALSE()),0) -> 2 | F25: =IF((E25*0.5+B25*0.3+D25*0.2)>=8.5,3,IF((E25*0.5+B25*0.3+D25*0.2)>=7,2,IF((E25*0.5+B25*0.3+D25*0.2)>=5.5,1,IF((E25*0.5+B25*0.3+D25*0.2)>=4,0,-2)))) -> 0 | G25: =IF(F25>=1.25,"Workhorse Situation",IF(F25>=1.15,"Featured Role",IF(F25>=1.05,"Contributor",IF(F25>=1,"Neutral",IF(F25>=0.9,"Competition Risk",IF(F25>=0.8,"Poor Fit","Landmine")))))) -> Landmine | H25: Elite OL; Aaron Jones aging; strong vacancy potential | J25: Roydell Williams (FSU) | K25: 70 | L25: 214 | M25: =L25/K25^2*703 -> 30.702449 | N25: 4.55 | O25: =MIN(120,(200*L25)/(N25^4)) -> 99.861522 | P25: 5.2 | Q25: 1.2 | R25: 0.012 | S25: 2.9 | T25: 6 | U25: 0.18 | V25: 0.16 | W25: 2.8 | X25: 0.06 | Y25: =(IF(AND(M25>=29, M25<=32), 15, 15-ABS(30.5-M25)*3)) + ((O25/110)*12) + (((P25-4)/3.6)*15) + ((Q25/3)*10) + (((S25-2)/1.5)*5) + T25 + 30 -> 73.893984 | Z25: 1 | AA25: =ROUND(MIN(20,(T25/10)*20)+MIN(20,MAX(0,(O25/120)*20))+MIN(20,MAX(0,((P25-4)/4)*20))+MIN(15,MAX(0,((S25-1.5)/3)*15))+MIN(15,MAX(0,(U25/0.35)*15))+MIN(10,MAX(0,(V25/0.25)*10)),1) -> 55.8 | AB25: =ROUND(MIN(25,(Q25/3)*25)+MIN(20,MAX(0,(X25/0.2)*20))+MIN(15,MAX(0,(W25/3.5)*15))+IF(ISNUMBER(AC25),MAX(0,40-((INT(AC25)-1)*32+ROUND(MOD(AC25,1)*100,0))*0.18),IF(LOWER(AC25)="udfa",5,25))+MIN(5,MAX(0,((0.02-R25)/0.017)*5)),1) -> 35.4 | AC25: UDFA | AD25: UDFA | AE25: =IF(AD25="","1.00",IFERROR(VLOOKUP(AD25,'RB Model Page'!$A:$F,6,FALSE()),1)) -> 1 | AF25: =IF(AND(LOWER(AC25)="udfa",OR(AD25="N/A",AD25="")),-999,ROUND((MIN(99.9,MAX(0,IF(((IF(LOWER(AC25)="udfa",10,100-IF(ISNUMBER(AC25),(INT(AC25)-1)*32+ROUND(MOD(AC25,1)*100,0),256)*0.25-IF(IF(ISNUMBER(AC25),(INT(AC25)-1)*32+ROUND(MOD(AC25,1)*100,0),256)>96,(IF(ISNUMBER(AC25),(INT(AC25)-1)*32+ROUND(MOD(AC25,1)*100,0),256)-96)*0.15,0)-IF(IF(ISNUMBER(AC25),(INT(AC25)-1)*32+ROUND(MOD(AC25,1)*100,0),256)>75,8,0)-IF(IF(ISNUMBER(AC25),(INT(AC25)-1)*32+ROUND(MOD(AC25,1)*100,0),256)>10,10,0)))*IF(LOWER(AC25)="udfa",0.45,0.45-MIN(0.1,(IF(ISNUMBER(AC25),(INT(AC25)-1)*32+ROUND(MOD(AC25,1)*100,0),256)/255)*0.1))+(IF(AND(M25>=29,M25<=32),15,15-ABS(30.5-M25)*3)+(O25/110)*12+T25+30+(MIN(15,MAX(0,((P25-4)/3.6)*15))+((Q25/3)*10)+(((S25-2)/1.5)*5))*Z25)*(1-IF(LOWER(AC25)="udfa",0.45,0.45-MIN(0.1,(IF(ISNUMBER(AC25),(INT(AC25)-1)*32+ROUND(MOD(AC25,1)*100,0),256)/255)*0.1)))+MIN(7,MAX(0,(U25/0.4)*7))*Z25+MIN(3,MAX(0,(V25/0.2)*3))*Z25+MIN(3,MAX(0,((W25-2)/2)*3))*Z25+MIN(4,MAX(0,(X25/0.18)*4))*Z25)>60,60+SQRT(((IF(LOWER(AC25)="udfa",10,100-IF(ISNUMBER(AC25),(INT(AC25)-1)*32+ROUND(MOD(AC25,1)*100,0),256)*0.25-IF(IF(ISNUMBER(AC25),(INT(AC25)-1)*32+ROUND(MOD(AC25,1)*100,0),256)>96,(IF(ISNUMBER(AC25),(INT(AC25)-1)*32+ROUND(MOD(AC25,1)*100,0),256)-96)*0.15,0)-IF(IF(ISNUMBER(AC25),(INT(AC25)-1)*32+ROUND(MOD(AC25,1)*100,0),256)>75,8,0)-IF(IF(ISNUMBER(AC25),(INT(AC25)-1)*32+ROUND(MOD(AC25,1)*100,0),256)>10,10,0)))*IF(LOWER(AC25)="udfa",0.45,0.45-MIN(0.1,(IF(ISNUMBER(AC25),(INT(AC25)-1)*32+ROUND(MOD(AC25,1)*100,0),256)/255)*0.1))+(IF(AND(M25>=29,M25<=32),15,15-ABS(30.5-M25)*3)+(O25/110)*12+T25+30+(MIN(15,MAX(0,((P25-4)/3.6)*15))+((Q25/3)*10)+(((S25-2)/1.5)*5))*Z25)*(1-IF(LOWER(AC25)="udfa",0.45,0.45-MIN(0.1,(IF(ISNUMBER(AC25),(INT(AC25)-1)*32+ROUND(MOD(AC25,1)*100,0),256)/255)*0.1)))+MIN(7,MAX(0,(U25/0.4)*7))*Z25+MIN(3,MAX(0,(V25/0.2)*3))*Z25+MIN(3,MAX(0,((W25-2)/2)*3))*Z25+MIN(4,MAX(0,(X25/0.18)*4))*Z25)-60)*5.5,((IF(LOWER(AC25)="udfa",10,100-IF(ISNUMBER(AC25),(INT(AC25)-1)*32+ROUND(MOD(AC25,1)*100,0),256)*0.25-IF(IF(ISNUMBER(AC25),(INT(AC25)-1)*32+ROUND(MOD(AC25,1)*100,0),256)>96,(IF(ISNUMBER(AC25),(INT(AC25)-1)*32+ROUND(MOD(AC25,1)*100,0),256)-96)*0.15,0)-IF(IF(ISNUMBER(AC25),(INT(AC25)-1)*32+ROUND(MOD(AC25,1)*100,0),256)>75,8,0)-IF(IF(ISNUMBER(AC25),(INT(AC25)-1)*32+ROUND(MOD(AC25,1)*100,0),256)>10,10,0)))*IF(LOWER(AC25)="udfa",0.45,0.45-MIN(0.1,(IF(ISNUMBER(AC25),(INT(AC25)-1)*32+ROUND(MOD(AC25,1)*100,0),256)/255)*0.1))+(IF(AND(M25>=29,M25<=32),15,15-ABS(30.5-M25)*3)+(O25/110)*12+T25+30+(MIN(15,MAX(0,((P25-4)/3.6)*15))+((Q25/3)*10)+(((S25-2)/1.5)*5))*Z25)*(1-IF(LOWER(AC25)="udfa",0.45,0.45-MIN(0.1,(IF(ISNUMBER(AC25),(INT(AC25)-1)*32+ROUND(MOD(AC25,1)*100,0),256)/255)*0.1)))+MIN(7,MAX(0,(U25/0.4)*7))*Z25+MIN(3,MAX(0,(V25/0.2)*3))*Z25+MIN(3,MAX(0,((W25-2)/2)*3))*Z25+MIN(4,MAX(0,(X25/0.18)*4))*Z25)+AB25*0.08)+MAX(0,IFERROR(VALUE(AE25),0)))))/103*100,1)) -> 55.4 | AG25: =IF(AF25=-999,"",IF(AF25>=94,"Generational RB",IF(AF25>=86,"Franchise Back",IF(AF25>=77,"Featured Back",IF(AF25>=67,"Flex Starter",IF(AF25>=57,"Handcuff/Upside",IF(AF25>=44,"UDFA"))))))) -> UDFA
A26: NE | B26: 6.5 | C26: Gap | D26: 7 | E26: 3 | F26: =IF((E26*0.5+B26*0.3+D26*0.2)>=8.5,3,IF((E26*0.5+B26*0.3+D26*0.2)>=7,2,IF((E26*0.5+B26*0.3+D26*0.2)>=5.5,1,IF((E26*0.5+B26*0.3+D26*0.2)>=4,0,-2)))) -> 0 | G26: =IF(F26>=1.25,"Workhorse Situation",IF(F26>=1.15,"Featured Role",IF(F26>=1.05,"Contributor",IF(F26>=1,"Neutral",IF(F26>=0.9,"Competition Risk",IF(F26>=0.8,"Poor Fit","Landmine")))))) -> Landmine | H26: Rebuilding OL; Holgorsen RB-friendly OC; high vacancy | J26: Jam Miller (Alabama) | K26: 69.75 | L26: 208 | M26: =L26/K26^2*703 -> 30.055935 | N26: 4.42 | O26: =MIN(120,(200*L26)/(N26^4)) -> 108.99442 | P26: 5.23 | Q26: 1.46 | R26: 0.0064 | S26: 3.1 | T26: 7.04 | U26: 0.1237 | V26: 0.0362 | W26: 2.59 | X26: 0.0529 | Y26: =(IF(AND(M26>=29, M26<=32), 15, 15-ABS(30.5-M26)*3)) + ((O26/110)*12) + (((P26-4)/3.6)*15) + ((Q26/3)*10) + (((S26-2)/1.5)*5) + T26 + 30 -> 77.588633 | Z26: 1 | AA26: =ROUND(MIN(20,(T26/10)*20)+MIN(20,MAX(0,(O26/120)*20))+MIN(20,MAX(0,((P26-4)/4)*20))+MIN(15,MAX(0,((S26-1.5)/3)*15))+MIN(15,MAX(0,(U26/0.35)*15))+MIN(10,MAX(0,(V26/0.25)*10)),1) -> 53.1 | AB26: =ROUND(MIN(25,(Q26/3)*25)+MIN(20,MAX(0,(X26/0.2)*20))+MIN(15,MAX(0,(W26/3.5)*15))+IF(ISNUMBER(AC26),MAX(0,40-((INT(AC26)-1)*32+ROUND(MOD(AC26,1)*100,0))*0.18),IF(LOWER(AC26)="udfa",5,25))+MIN(5,MAX(0,((0.02-R26)/0.017)*5)),1) -> 32.6 | AC26: 7.53 | AD26: NE | AE26: =IF(AD26="","1.00",IFERROR(VLOOKUP(AD26,'RB Model Page'!$A:$F,6,FALSE()),1)) -> 0 | AF26: =IF(AND(LOWER(AC26)="udfa",OR(AD26="N/A",AD26="")),-999,ROUND((MIN(99.9,MAX(0,IF(((IF(LOWER(AC26)="udfa",10,100-IF(ISNUMBER(AC26),(INT(AC26)-1)*32+ROUND(MOD(AC26,1)*100,0),256)*0.25-IF(IF(ISNUMBER(AC26),(INT(AC26)-1)*32+ROUND(MOD(AC26,1)*100,0),256)>96,(IF(ISNUMBER(AC26),(INT(AC26)-1)*32+ROUND(MOD(AC26,1)*100,0),256)-96)*0.15,0)-IF(IF(ISNUMBER(AC26),(INT(AC26)-1)*32+ROUND(MOD(AC26,1)*100,0),256)>75,8,0)-IF(IF(ISNUMBER(AC26),(INT(AC26)-1)*32+ROUND(MOD(AC26,1)*100,0),256)>10,10,0)))*IF(LOWER(AC26)="udfa",0.45,0.45-MIN(0.1,(IF(ISNUMBER(AC26),(INT(AC26)-1)*32+ROUND(MOD(AC26,1)*100,0),256)/255)*0.1))+(IF(AND(M26>=29,M26<=32),15,15-ABS(30.5-M26)*3)+(O26/110)*12+T26+30+(MIN(15,MAX(0,((P26-4)/3.6)*15))+((Q26/3)*10)+(((S26-2)/1.5)*5))*Z26)*(1-IF(LOWER(AC26)="udfa",0.45,0.45-MIN(0.1,(IF(ISNUMBER(AC26),(INT(AC26)-1)*32+ROUND(MOD(AC26,1)*100,0),256)/255)*0.1)))+MIN(7,MAX(0,(U26/0.4)*7))*Z26+MIN(3,MAX(0,(V26/0.2)*3))*Z26+MIN(3,MAX(0,((W26-2)/2)*3))*Z26+MIN(4,MAX(0,(X26/0.18)*4))*Z26)>60,60+SQRT(((IF(LOWER(AC26)="udfa",10,100-IF(ISNUMBER(AC26),(INT(AC26)-1)*32+ROUND(MOD(AC26,1)*100,0),256)*0.25-IF(IF(ISNUMBER(AC26),(INT(AC26)-1)*32+ROUND(MOD(AC26,1)*100,0),256)>96,(IF(ISNUMBER(AC26),(INT(AC26)-1)*32+ROUND(MOD(AC26,1)*100,0),256)-96)*0.15,0)-IF(IF(ISNUMBER(AC26),(INT(AC26)-1)*32+ROUND(MOD(AC26,1)*100,0),256)>75,8,0)-IF(IF(ISNUMBER(AC26),(INT(AC26)-1)*32+ROUND(MOD(AC26,1)*100,0),256)>10,10,0)))*IF(LOWER(AC26)="udfa",0.45,0.45-MIN(0.1,(IF(ISNUMBER(AC26),(INT(AC26)-1)*32+ROUND(MOD(AC26,1)*100,0),256)/255)*0.1))+(IF(AND(M26>=29,M26<=32),15,15-ABS(30.5-M26)*3)+(O26/110)*12+T26+30+(MIN(15,MAX(0,((P26-4)/3.6)*15))+((Q26/3)*10)+(((S26-2)/1.5)*5))*Z26)*(1-IF(LOWER(AC26)="udfa",0.45,0.45-MIN(0.1,(IF(ISNUMBER(AC26),(INT(AC26)-1)*32+ROUND(MOD(AC26,1)*100,0),256)/255)*0.1)))+MIN(7,MAX(0,(U26/0.4)*7))*Z26+MIN(3,MAX(0,(V26/0.2)*3))*Z26+MIN(3,MAX(0,((W26-2)/2)*3))*Z26+MIN(4,MAX(0,(X26/0.18)*4))*Z26)-60)*5.5,((IF(LOWER(AC26)="udfa",10,100-IF(ISNUMBER(AC26),(INT(AC26)-1)*32+ROUND(MOD(AC26,1)*100,0),256)*0.25-IF(IF(ISNUMBER(AC26),(INT(AC26)-1)*32+ROUND(MOD(AC26,1)*100,0),256)>96,(IF(ISNUMBER(AC26),(INT(AC26)-1)*32+ROUND(MOD(AC26,1)*100,0),256)-96)*0.15,0)-IF(IF(ISNUMBER(AC26),(INT(AC26)-1)*32+ROUND(MOD(AC26,1)*100,0),256)>75,8,0)-IF(IF(ISNUMBER(AC26),(INT(AC26)-1)*32+ROUND(MOD(AC26,1)*100,0),256)>10,10,0)))*IF(LOWER(AC26)="udfa",0.45,0.45-MIN(0.1,(IF(ISNUMBER(AC26),(INT(AC26)-1)*32+ROUND(MOD(AC26,1)*100,0),256)/255)*0.1))+(IF(AND(M26>=29,M26<=32),15,15-ABS(30.5-M26)*3)+(O26/110)*12+T26+30+(MIN(15,MAX(0,((P26-4)/3.6)*15))+((Q26/3)*10)+(((S26-2)/1.5)*5))*Z26)*(1-IF(LOWER(AC26)="udfa",0.45,0.45-MIN(0.1,(IF(ISNUMBER(AC26),(INT(AC26)-1)*32+ROUND(MOD(AC26,1)*100,0),256)/255)*0.1)))+MIN(7,MAX(0,(U26/0.4)*7))*Z26+MIN(3,MAX(0,(V26/0.2)*3))*Z26+MIN(3,MAX(0,((W26-2)/2)*3))*Z26+MIN(4,MAX(0,(X26/0.18)*4))*Z26)+AB26*0.08)+MAX(0,IFERROR(VALUE(AE26),0)))))/103*100,1)) -> 55.3 | AG26: =IF(AF26=-999,"",IF(AF26>=94,"Generational RB",IF(AF26>=86,"Franchise Back",IF(AF26>=77,"Featured Back",IF(AF26>=67,"Flex Starter",IF(AF26>=57,"Handcuff/Upside",IF(AF26>=44,"UDFA"))))))) -> UDFA
A27: NO | B27: 7 | C27: Zone | D27: 7.5 | E27: =IFERROR(VLOOKUP(A27,Vacancy_Calculator!$A$4:$D$35,2,FALSE()),0) -> 0 | F27: =IF((E27*0.5+B27*0.3+D27*0.2)>=8.5,3,IF((E27*0.5+B27*0.3+D27*0.2)>=7,2,IF((E27*0.5+B27*0.3+D27*0.2)>=5.5,1,IF((E27*0.5+B27*0.3+D27*0.2)>=4,0,-2)))) -> -2 | G27: =IF(F27>=1.25,"Workhorse Situation",IF(F27>=1.15,"Featured Role",IF(F27>=1.05,"Contributor",IF(F27>=1,"Neutral",IF(F27>=0.9,"Competition Risk",IF(F27>=0.8,"Poor Fit","Landmine")))))) -> Landmine | H27: Good OL; RB-friendly scheme historically | J27: Terion Stewart (Virginia Tech) | K27: 69 | L27: 222 | M27: =L27/K27^2*703 -> 32.780088 | N27: 4.48 | O27: =MIN(120, (200 * L27) / (N27 ^ 4)) -> 110.22267 | P27: 5.95 | Q27: 0.4 | R27: 0.0116 | S27: 4.5 | T27: 9.84 | U27: 0.0979 | V27: 0.0488 | W27: 4.87 | X27: 0.0237 | Y27: =(IF(AND(M27>=29, M27<=32), 15, 15-ABS(30.5-M27)*3)) + ((O27/110)*12) + (((P27-4)/3.6)*15) + ((Q27/3)*10) + (((S27-2)/1.5)*5) + T27 + 30 -> 77.815693 | Z27: 1 | AA27: =ROUND(MIN(20,(T27/10)*20)+MIN(20,MAX(0,(O27/120)*20))+MIN(20,MAX(0,((P27-4)/4)*20))+MIN(15,MAX(0,((S27-1.5)/3)*15))+MIN(15,MAX(0,(U27/0.35)*15))+MIN(10,MAX(0,(V27/0.25)*10)),1) -> 68.9 | AB27: =ROUND(MIN(25,(Q27/3)*25)+MIN(20,MAX(0,(X27/0.2)*20))+MIN(15,MAX(0,(W27/3.5)*15))+IF(ISNUMBER(AC27),MAX(0,40-((INT(AC27)-1)*32+ROUND(MOD(AC27,1)*100,0))*0.18),IF(LOWER(AC27)="udfa",5,25))+MIN(5,MAX(0,((0.02-R27)/0.017)*5)),1) -> 28.2 | AC27: UDFA | AD27: UDFA | AE27: =IF(AD27="","1.00",IFERROR(VLOOKUP(AD27,'RB Model Page'!$A:$F,6,FALSE()),1)) -> 1 | AF27: =IF(AND(LOWER(AC27)="udfa",OR(AD27="N/A",AD27="")),-999,ROUND((MIN(99.9,MAX(0,IF(((IF(LOWER(AC27)="udfa",10,100-IF(ISNUMBER(AC27),(INT(AC27)-1)*32+ROUND(MOD(AC27,1)*100,0),256)*0.25-IF(IF(ISNUMBER(AC27),(INT(AC27)-1)*32+ROUND(MOD(AC27,1)*100,0),256)>96,(IF(ISNUMBER(AC27),(INT(AC27)-1)*32+ROUND(MOD(AC27,1)*100,0),256)-96)*0.15,0)-IF(IF(ISNUMBER(AC27),(INT(AC27)-1)*32+ROUND(MOD(AC27,1)*100,0),256)>75,8,0)-IF(IF(ISNUMBER(AC27),(INT(AC27)-1)*32+ROUND(MOD(AC27,1)*100,0),256)>10,10,0)))*IF(LOWER(AC27)="udfa",0.45,0.45-MIN(0.1,(IF(ISNUMBER(AC27),(INT(AC27)-1)*32+ROUND(MOD(AC27,1)*100,0),256)/255)*0.1))+(IF(AND(M27>=29,M27<=32),15,15-ABS(30.5-M27)*3)+(O27/110)*12+T27+30+(MIN(15,MAX(0,((P27-4)/3.6)*15))+((Q27/3)*10)+(((S27-2)/1.5)*5))*Z27)*(1-IF(LOWER(AC27)="udfa",0.45,0.45-MIN(0.1,(IF(ISNUMBER(AC27),(INT(AC27)-1)*32+ROUND(MOD(AC27,1)*100,0),256)/255)*0.1)))+MIN(7,MAX(0,(U27/0.4)*7))*Z27+MIN(3,MAX(0,(V27/0.2)*3))*Z27+MIN(3,MAX(0,((W27-2)/2)*3))*Z27+MIN(4,MAX(0,(X27/0.18)*4))*Z27)>60,60+SQRT(((IF(LOWER(AC27)="udfa",10,100-IF(ISNUMBER(AC27),(INT(AC27)-1)*32+ROUND(MOD(AC27,1)*100,0),256)*0.25-IF(IF(ISNUMBER(AC27),(INT(AC27)-1)*32+ROUND(MOD(AC27,1)*100,0),256)>96,(IF(ISNUMBER(AC27),(INT(AC27)-1)*32+ROUND(MOD(AC27,1)*100,0),256)-96)*0.15,0)-IF(IF(ISNUMBER(AC27),(INT(AC27)-1)*32+ROUND(MOD(AC27,1)*100,0),256)>75,8,0)-IF(IF(ISNUMBER(AC27),(INT(AC27)-1)*32+ROUND(MOD(AC27,1)*100,0),256)>10,10,0)))*IF(LOWER(AC27)="udfa",0.45,0.45-MIN(0.1,(IF(ISNUMBER(AC27),(INT(AC27)-1)*32+ROUND(MOD(AC27,1)*100,0),256)/255)*0.1))+(IF(AND(M27>=29,M27<=32),15,15-ABS(30.5-M27)*3)+(O27/110)*12+T27+30+(MIN(15,MAX(0,((P27-4)/3.6)*15))+((Q27/3)*10)+(((S27-2)/1.5)*5))*Z27)*(1-IF(LOWER(AC27)="udfa",0.45,0.45-MIN(0.1,(IF(ISNUMBER(AC27),(INT(AC27)-1)*32+ROUND(MOD(AC27,1)*100,0),256)/255)*0.1)))+MIN(7,MAX(0,(U27/0.4)*7))*Z27+MIN(3,MAX(0,(V27/0.2)*3))*Z27+MIN(3,MAX(0,((W27-2)/2)*3))*Z27+MIN(4,MAX(0,(X27/0.18)*4))*Z27)-60)*5.5,((IF(LOWER(AC27)="udfa",10,100-IF(ISNUMBER(AC27),(INT(AC27)-1)*32+ROUND(MOD(AC27,1)*100,0),256)*0.25-IF(IF(ISNUMBER(AC27),(INT(AC27)-1)*32+ROUND(MOD(AC27,1)*100,0),256)>96,(IF(ISNUMBER(AC27),(INT(AC27)-1)*32+ROUND(MOD(AC27,1)*100,0),256)-96)*0.15,0)-IF(IF(ISNUMBER(AC27),(INT(AC27)-1)*32+ROUND(MOD(AC27,1)*100,0),256)>75,8,0)-IF(IF(ISNUMBER(AC27),(INT(AC27)-1)*32+ROUND(MOD(AC27,1)*100,0),256)>10,10,0)))*IF(LOWER(AC27)="udfa",0.45,0.45-MIN(0.1,(IF(ISNUMBER(AC27),(INT(AC27)-1)*32+ROUND(MOD(AC27,1)*100,0),256)/255)*0.1))+(IF(AND(M27>=29,M27<=32),15,15-ABS(30.5-M27)*3)+(O27/110)*12+T27+30+(MIN(15,MAX(0,((P27-4)/3.6)*15))+((Q27/3)*10)+(((S27-2)/1.5)*5))*Z27)*(1-IF(LOWER(AC27)="udfa",0.45,0.45-MIN(0.1,(IF(ISNUMBER(AC27),(INT(AC27)-1)*32+ROUND(MOD(AC27,1)*100,0),256)/255)*0.1)))+MIN(7,MAX(0,(U27/0.4)*7))*Z27+MIN(3,MAX(0,(V27/0.2)*3))*Z27+MIN(3,MAX(0,((W27-2)/2)*3))*Z27+MIN(4,MAX(0,(X27/0.18)*4))*Z27)+AB27*0.08)+MAX(0,IFERROR(VALUE(AE27),0)))))/103*100,1)) -> 54.9 | AG27: =IF(AF27=-999,"",IF(AF27>=94,"Generational RB",IF(AF27>=86,"Franchise Back",IF(AF27>=77,"Featured Back",IF(AF27>=67,"Flex Starter",IF(AF27>=57,"Handcuff/Upside",IF(AF27>=44,"UDFA"))))))) -> UDFA
A28: NYG | B28: 5.5 | C28: Mix | D28: 5.5 | E28: =IFERROR(VLOOKUP(A28,Vacancy_Calculator!$A$4:$D$35,2,FALSE()),0) -> 0 | F28: =IF((E28*0.5+B28*0.3+D28*0.2)>=8.5,3,IF((E28*0.5+B28*0.3+D28*0.2)>=7,2,IF((E28*0.5+B28*0.3+D28*0.2)>=5.5,1,IF((E28*0.5+B28*0.3+D28*0.2)>=4,0,-2)))) -> -2 | G28: =IF(F28>=1.25,"Workhorse Situation",IF(F28>=1.15,"Featured Role",IF(F28>=1.05,"Contributor",IF(F28>=1,"Neutral",IF(F28>=0.9,"Competition Risk",IF(F28>=0.8,"Poor Fit","Landmine")))))) -> Landmine | H28: Below avg OL; rebuilding | J28: Byron Cardwell (San Diego State) | K28: 69 | L28: 190 | M28: =L28/K28^2*703 -> 28.05503 | N28: 4.45 | O28: =MIN(120,(200*L28)/(N28^4)) -> 96.904412 | P28: 7.81 | Q28: 0.45 | R28: 0 | S28: 3.4 | T28: 6.5 | U28: 0.0522 | V28: 0.125 | W28: 3.9 | X28: 0.07 | Y28: =(IF(AND(M28>=29, M28<=32), 15, 15-ABS(30.5-M28)*3)) + ((O28/110)*12) + (((P28-4)/3.6)*15) + ((Q28/3)*10) + (((S28-2)/1.5)*5) + T28 + 30 -> 76.778148 | Z28: 0.85 | AA28: =ROUND(MIN(20,(T28/10)*20)+MIN(20,MAX(0,(O28/120)*20))+MIN(20,MAX(0,((P28-4)/4)*20))+MIN(15,MAX(0,((S28-1.5)/3)*15))+MIN(15,MAX(0,(U28/0.35)*15))+MIN(10,MAX(0,(V28/0.25)*10)),1) -> 64.9 | AB28: =ROUND(MIN(25,(Q28/3)*25)+MIN(20,MAX(0,(X28/0.2)*20))+MIN(15,MAX(0,(W28/3.5)*15))+IF(ISNUMBER(AC28),MAX(0,40-((INT(AC28)-1)*32+ROUND(MOD(AC28,1)*100,0))*0.18),IF(LOWER(AC28)="udfa",5,25))+MIN(5,MAX(0,((0.02-R28)/0.017)*5)),1) -> 35.8 | AC28: UDFA | AD28: UDFA | AE28: =IF(AD28="","1.00",IFERROR(VLOOKUP(AD28,'RB Model Page'!$A:$F,6,FALSE()),1)) -> 1 | AF28: =IF(AND(LOWER(AC28)="udfa",OR(AD28="N/A",AD28="")),-999,ROUND((MIN(99.9,MAX(0,IF(((IF(LOWER(AC28)="udfa",10,100-IF(ISNUMBER(AC28),(INT(AC28)-1)*32+ROUND(MOD(AC28,1)*100,0),256)*0.25-IF(IF(ISNUMBER(AC28),(INT(AC28)-1)*32+ROUND(MOD(AC28,1)*100,0),256)>96,(IF(ISNUMBER(AC28),(INT(AC28)-1)*32+ROUND(MOD(AC28,1)*100,0),256)-96)*0.15,0)-IF(IF(ISNUMBER(AC28),(INT(AC28)-1)*32+ROUND(MOD(AC28,1)*100,0),256)>75,8,0)-IF(IF(ISNUMBER(AC28),(INT(AC28)-1)*32+ROUND(MOD(AC28,1)*100,0),256)>10,10,0)))*IF(LOWER(AC28)="udfa",0.45,0.45-MIN(0.1,(IF(ISNUMBER(AC28),(INT(AC28)-1)*32+ROUND(MOD(AC28,1)*100,0),256)/255)*0.1))+(IF(AND(M28>=29,M28<=32),15,15-ABS(30.5-M28)*3)+(O28/110)*12+T28+30+(MIN(15,MAX(0,((P28-4)/3.6)*15))+((Q28/3)*10)+(((S28-2)/1.5)*5))*Z28)*(1-IF(LOWER(AC28)="udfa",0.45,0.45-MIN(0.1,(IF(ISNUMBER(AC28),(INT(AC28)-1)*32+ROUND(MOD(AC28,1)*100,0),256)/255)*0.1)))+MIN(7,MAX(0,(U28/0.4)*7))*Z28+MIN(3,MAX(0,(V28/0.2)*3))*Z28+MIN(3,MAX(0,((W28-2)/2)*3))*Z28+MIN(4,MAX(0,(X28/0.18)*4))*Z28)>60,60+SQRT(((IF(LOWER(AC28)="udfa",10,100-IF(ISNUMBER(AC28),(INT(AC28)-1)*32+ROUND(MOD(AC28,1)*100,0),256)*0.25-IF(IF(ISNUMBER(AC28),(INT(AC28)-1)*32+ROUND(MOD(AC28,1)*100,0),256)>96,(IF(ISNUMBER(AC28),(INT(AC28)-1)*32+ROUND(MOD(AC28,1)*100,0),256)-96)*0.15,0)-IF(IF(ISNUMBER(AC28),(INT(AC28)-1)*32+ROUND(MOD(AC28,1)*100,0),256)>75,8,0)-IF(IF(ISNUMBER(AC28),(INT(AC28)-1)*32+ROUND(MOD(AC28,1)*100,0),256)>10,10,0)))*IF(LOWER(AC28)="udfa",0.45,0.45-MIN(0.1,(IF(ISNUMBER(AC28),(INT(AC28)-1)*32+ROUND(MOD(AC28,1)*100,0),256)/255)*0.1))+(IF(AND(M28>=29,M28<=32),15,15-ABS(30.5-M28)*3)+(O28/110)*12+T28+30+(MIN(15,MAX(0,((P28-4)/3.6)*15))+((Q28/3)*10)+(((S28-2)/1.5)*5))*Z28)*(1-IF(LOWER(AC28)="udfa",0.45,0.45-MIN(0.1,(IF(ISNUMBER(AC28),(INT(AC28)-1)*32+ROUND(MOD(AC28,1)*100,0),256)/255)*0.1)))+MIN(7,MAX(0,(U28/0.4)*7))*Z28+MIN(3,MAX(0,(V28/0.2)*3))*Z28+MIN(3,MAX(0,((W28-2)/2)*3))*Z28+MIN(4,MAX(0,(X28/0.18)*4))*Z28)-60)*5.5,((IF(LOWER(AC28)="udfa",10,100-IF(ISNUMBER(AC28),(INT(AC28)-1)*32+ROUND(MOD(AC28,1)*100,0),256)*0.25-IF(IF(ISNUMBER(AC28),(INT(AC28)-1)*32+ROUND(MOD(AC28,1)*100,0),256)>96,(IF(ISNUMBER(AC28),(INT(AC28)-1)*32+ROUND(MOD(AC28,1)*100,0),256)-96)*0.15,0)-IF(IF(ISNUMBER(AC28),(INT(AC28)-1)*32+ROUND(MOD(AC28,1)*100,0),256)>75,8,0)-IF(IF(ISNUMBER(AC28),(INT(AC28)-1)*32+ROUND(MOD(AC28,1)*100,0),256)>10,10,0)))*IF(LOWER(AC28)="udfa",0.45,0.45-MIN(0.1,(IF(ISNUMBER(AC28),(INT(AC28)-1)*32+ROUND(MOD(AC28,1)*100,0),256)/255)*0.1))+(IF(AND(M28>=29,M28<=32),15,15-ABS(30.5-M28)*3)+(O28/110)*12+T28+30+(MIN(15,MAX(0,((P28-4)/3.6)*15))+((Q28/3)*10)+(((S28-2)/1.5)*5))*Z28)*(1-IF(LOWER(AC28)="udfa",0.45,0.45-MIN(0.1,(IF(ISNUMBER(AC28),(INT(AC28)-1)*32+ROUND(MOD(AC28,1)*100,0),256)/255)*0.1)))+MIN(7,MAX(0,(U28/0.4)*7))*Z28+MIN(3,MAX(0,(V28/0.2)*3))*Z28+MIN(3,MAX(0,((W28-2)/2)*3))*Z28+MIN(4,MAX(0,(X28/0.18)*4))*Z28)+AB28*0.08)+MAX(0,IFERROR(VALUE(AE28),0)))))/103*100,1)) -> 52.9 | AG28: =IF(AF28=-999,"",IF(AF28>=94,"Generational RB",IF(AF28>=86,"Franchise Back",IF(AF28>=77,"Featured Back",IF(AF28>=67,"Flex Starter",IF(AF28>=57,"Handcuff/Upside",IF(AF28>=44,"UDFA"))))))) -> UDFA
A29: NYJ | B29: 6.5 | C29: Mix | D29: 6.5 | E29: =IFERROR(VLOOKUP(A29,Vacancy_Calculator!$A$4:$D$35,2,FALSE()),0) -> 2 | F29: =IF((E29*0.5+B29*0.3+D29*0.2)>=8.5,3,IF((E29*0.5+B29*0.3+D29*0.2)>=7,2,IF((E29*0.5+B29*0.3+D29*0.2)>=5.5,1,IF((E29*0.5+B29*0.3+D29*0.2)>=4,0,-2)))) -> 0 | G29: =IF(F29>=1.25,"Workhorse Situation",IF(F29>=1.15,"Featured Role",IF(F29>=1.05,"Contributor",IF(F29>=1,"Neutral",IF(F29>=0.9,"Competition Risk",IF(F29>=0.8,"Poor Fit","Landmine")))))) -> Landmine | H29: Average OL; Breece Hall dependency | J29: J'Mari Taylor (Virginia) | K29: 69.6 | L29: 199 | M29: =L29/K29^2*703 -> 28.879517 | N29: 4.66 | O29: =MIN(120,(200*L29)/(N29^4)) -> 84.399409 | P29: 6.68 | Q29: 0.39 | R29: 0 | S29: 3.42 | T29: 4.89 | U29: 0.0468 | V29: 0.0833 | W29: 3.36 | X29: 0.0161 | Y29: =(IF(AND(M29>=29, M29<=32), 15, 15-ABS(30.5-M29)*3)) + ((O29/110)*12) + (((P29-4)/3.6)*15) + ((Q29/3)*10) + (((S29-2)/1.5)*5) + T29 + 30 -> 71.435759 | Z29: 1 | AA29: =ROUND(MIN(20,(T29/10)*20)+MIN(20,MAX(0,(O29/120)*20))+MIN(20,MAX(0,((P29-4)/4)*20))+MIN(15,MAX(0,((S29-1.5)/3)*15))+MIN(15,MAX(0,(U29/0.35)*15))+MIN(10,MAX(0,(V29/0.25)*10)),1) -> 52.2 | AB29: =ROUND(MIN(25,(Q29/3)*25)+MIN(20,MAX(0,(X29/0.2)*20))+MIN(15,MAX(0,(W29/3.5)*15))+IF(ISNUMBER(AC29),MAX(0,40-((INT(AC29)-1)*32+ROUND(MOD(AC29,1)*100,0))*0.18),IF(LOWER(AC29)="udfa",5,25))+MIN(5,MAX(0,((0.02-R29)/0.017)*5)),1) -> 29.3 | AC29: UDFA | AD29: JAX | AE29: =IF(AD29="","1.00",IFERROR(VLOOKUP(AD29,'RB Model Page'!$A:$F,6,FALSE()),1)) -> 1 | AF29: =IF(AND(LOWER(AC29)="udfa",OR(AD29="N/A",AD29="")),-999,ROUND((MIN(99.9,MAX(0,IF(((IF(LOWER(AC29)="udfa",10,100-IF(ISNUMBER(AC29),(INT(AC29)-1)*32+ROUND(MOD(AC29,1)*100,0),256)*0.25-IF(IF(ISNUMBER(AC29),(INT(AC29)-1)*32+ROUND(MOD(AC29,1)*100,0),256)>96,(IF(ISNUMBER(AC29),(INT(AC29)-1)*32+ROUND(MOD(AC29,1)*100,0),256)-96)*0.15,0)-IF(IF(ISNUMBER(AC29),(INT(AC29)-1)*32+ROUND(MOD(AC29,1)*100,0),256)>75,8,0)-IF(IF(ISNUMBER(AC29),(INT(AC29)-1)*32+ROUND(MOD(AC29,1)*100,0),256)>10,10,0)))*IF(LOWER(AC29)="udfa",0.45,0.45-MIN(0.1,(IF(ISNUMBER(AC29),(INT(AC29)-1)*32+ROUND(MOD(AC29,1)*100,0),256)/255)*0.1))+(IF(AND(M29>=29,M29<=32),15,15-ABS(30.5-M29)*3)+(O29/110)*12+T29+30+(MIN(15,MAX(0,((P29-4)/3.6)*15))+((Q29/3)*10)+(((S29-2)/1.5)*5))*Z29)*(1-IF(LOWER(AC29)="udfa",0.45,0.45-MIN(0.1,(IF(ISNUMBER(AC29),(INT(AC29)-1)*32+ROUND(MOD(AC29,1)*100,0),256)/255)*0.1)))+MIN(7,MAX(0,(U29/0.4)*7))*Z29+MIN(3,MAX(0,(V29/0.2)*3))*Z29+MIN(3,MAX(0,((W29-2)/2)*3))*Z29+MIN(4,MAX(0,(X29/0.18)*4))*Z29)>60,60+SQRT(((IF(LOWER(AC29)="udfa",10,100-IF(ISNUMBER(AC29),(INT(AC29)-1)*32+ROUND(MOD(AC29,1)*100,0),256)*0.25-IF(IF(ISNUMBER(AC29),(INT(AC29)-1)*32+ROUND(MOD(AC29,1)*100,0),256)>96,(IF(ISNUMBER(AC29),(INT(AC29)-1)*32+ROUND(MOD(AC29,1)*100,0),256)-96)*0.15,0)-IF(IF(ISNUMBER(AC29),(INT(AC29)-1)*32+ROUND(MOD(AC29,1)*100,0),256)>75,8,0)-IF(IF(ISNUMBER(AC29),(INT(AC29)-1)*32+ROUND(MOD(AC29,1)*100,0),256)>10,10,0)))*IF(LOWER(AC29)="udfa",0.45,0.45-MIN(0.1,(IF(ISNUMBER(AC29),(INT(AC29)-1)*32+ROUND(MOD(AC29,1)*100,0),256)/255)*0.1))+(IF(AND(M29>=29,M29<=32),15,15-ABS(30.5-M29)*3)+(O29/110)*12+T29+30+(MIN(15,MAX(0,((P29-4)/3.6)*15))+((Q29/3)*10)+(((S29-2)/1.5)*5))*Z29)*(1-IF(LOWER(AC29)="udfa",0.45,0.45-MIN(0.1,(IF(ISNUMBER(AC29),(INT(AC29)-1)*32+ROUND(MOD(AC29,1)*100,0),256)/255)*0.1)))+MIN(7,MAX(0,(U29/0.4)*7))*Z29+MIN(3,MAX(0,(V29/0.2)*3))*Z29+MIN(3,MAX(0,((W29-2)/2)*3))*Z29+MIN(4,MAX(0,(X29/0.18)*4))*Z29)-60)*5.5,((IF(LOWER(AC29)="udfa",10,100-IF(ISNUMBER(AC29),(INT(AC29)-1)*32+ROUND(MOD(AC29,1)*100,0),256)*0.25-IF(IF(ISNUMBER(AC29),(INT(AC29)-1)*32+ROUND(MOD(AC29,1)*100,0),256)>96,(IF(ISNUMBER(AC29),(INT(AC29)-1)*32+ROUND(MOD(AC29,1)*100,0),256)-96)*0.15,0)-IF(IF(ISNUMBER(AC29),(INT(AC29)-1)*32+ROUND(MOD(AC29,1)*100,0),256)>75,8,0)-IF(IF(ISNUMBER(AC29),(INT(AC29)-1)*32+ROUND(MOD(AC29,1)*100,0),256)>10,10,0)))*IF(LOWER(AC29)="udfa",0.45,0.45-MIN(0.1,(IF(ISNUMBER(AC29),(INT(AC29)-1)*32+ROUND(MOD(AC29,1)*100,0),256)/255)*0.1))+(IF(AND(M29>=29,M29<=32),15,15-ABS(30.5-M29)*3)+(O29/110)*12+T29+30+(MIN(15,MAX(0,((P29-4)/3.6)*15))+((Q29/3)*10)+(((S29-2)/1.5)*5))*Z29)*(1-IF(LOWER(AC29)="udfa",0.45,0.45-MIN(0.1,(IF(ISNUMBER(AC29),(INT(AC29)-1)*32+ROUND(MOD(AC29,1)*100,0),256)/255)*0.1)))+MIN(7,MAX(0,(U29/0.4)*7))*Z29+MIN(3,MAX(0,(V29/0.2)*3))*Z29+MIN(3,MAX(0,((W29-2)/2)*3))*Z29+MIN(4,MAX(0,(X29/0.18)*4))*Z29)+AB29*0.08)+MAX(0,IFERROR(VALUE(AE29),0)))))/103*100,1)) -> 50.1 | AG29: =IF(AF29=-999,"",IF(AF29>=94,"Generational RB",IF(AF29>=86,"Franchise Back",IF(AF29>=77,"Featured Back",IF(AF29>=67,"Flex Starter",IF(AF29>=57,"Handcuff/Upside",IF(AF29>=44,"UDFA"))))))) -> UDFA
